Source;Target;Type
ALA-137;VAL-159;Undirected
ALA-303;LEU-84;Undirected
ALA-303;TYR-85;Undirected
ALA-325;TRP-65;Undirected
ALA-446;ALA-2;Undirected
ALA-446;MET-5;Undirected
ALA-446;PRO-4;Undirected
ALA-446;TYR-3;Undirected
ARG-302;ASP-88;Undirected
ARG-302;LEU-84;Undirected
ARG-438;HIS-204;Undirected
ARG-439;HIS-204;Undirected
ARG-439;ILE-199;Undirected
ASN-360;ILE-76;Undirected
ASN-360;PHE-23;Undirected
ASN-360;SER-80;Undirected
ASN-55;ILE-199;Undirected
ASP-300;TYR-85;Undirected
ASP-369;GLU-198;Undirected
ASP-369;SER-197;Undirected
ASP-442;ARG-134;Undirected
ASP-442;LEU-135;Undirected
ASP-442;SER-205;Undirected
ASP-445;ARG-134;Undirected
ASP-50;SER-202;Undirected
ASP-51;ASN-203;Undirected
ASP-51;GLY-201;Undirected
ASP-51;HIS-204;Undirected
ASP-51;SER-202;Undirected
ASP-51;SER-205;Undirected
GLN-232;LEU-160;Undirected
GLN-52;SER-202;Undirected
GLU-266;THR-55;Undirected
GLY-123;ILE-199;Undirected
GLY-263;THR-53;Undirected
GLY-269;ALA-58;Undirected
GLY-296;ARG-178;Undirected
GLY-296;ASN-180;Undirected
GLY-329;HIS-52;Undirected
GLY-329;THR-51;Undirected
GLY-329;THR-53;Undirected
GLY-330;THR-51;Undirected
GLY-45;ARG-134;Undirected
HEA-516;ILE-34;Undirected
HEA-516;ILE-72;Undirected
HEA-516;PRO-69;Undirected
HIS-328;HIS-52;Undirected
HIS-328;MET-45;Undirected
HIS-328;MET-56;Undirected
HIS-368;LYS-171;Undirected
ILE-229;ARG-178;Undirected
ILE-229;ILE-175;Undirected
ILE-314;ALA-70;Undirected
ILE-314;LEU-73;Undirected
ILE-314;THR-66;Undirected
ILE-365;GLY-169;Undirected
ILE-365;LYS-171;Undirected
ILE-365;MET-87;Undirected
LEU-132;CYS-200;Undirected
LEU-132;GLY-201;Undirected
LEU-132;ILE-199;Undirected
LEU-132;VAL-159;Undirected
LEU-324;ILE-41;Undirected
LEU-324;ILE-42;Undirected
LEU-324;MET-45;Undirected
LEU-342;LEU-46;Undirected
LEU-363;PHE-23;Undirected
LEU-367;PHE-9;Undirected
LEU-433;GLY-8;Undirected
LEU-433;HIS-24;Undirected
LEU-433;LEU-7;Undirected
LEU-433;PHE-9;Undirected
LYS-264;HIS-52;Undirected
LYS-264;MET-56;Undirected
LYS-264;THR-53;Undirected
MET-310;ALA-77;Undirected
MET-310;LEU-73;Undirected
MET-449;MET-5;Undirected
PHE-268;ALA-58;Undirected
PHE-268;ASP-57;Undirected
PHE-268;GLU-62;Undirected
PHE-268;TRP-65;Undirected
PHE-321;TRP-65;Undirected
PHE-346;LEU-39;Undirected
PHE-346;SER-35;Undirected
PHE-430;GLN-6;Undirected
PHE-430;LEU-7;Undirected
PRO-130;LEU-160;Undirected
PRO-131;ASP-158;Undirected
PRO-222;PRO-176;Undirected
PRO-437;GLN-195;Undirected
PRO-444;GLN-195;Undirected
PRO-444;LEU-135;Undirected
PRO-444;LEU-136;Undirected
SER-322;GLU-62;Undirected
SER-322;TRP-65;Undirected
SER-361;LEU-84;Undirected
SER-362;ILE-83;Undirected
SER-362;LEU-20;Undirected
SER-362;LEU-84;Undirected
SER-362;SER-80;Undirected
SER-434;ALA-2;Undirected
SER-434;GLN-10;Undirected
SER-434;GLN-6;Undirected
SER-434;GLY-8;Undirected
SER-441;SER-205;Undirected
THR-124;ILE-199;Undirected
THR-294;ASP-173;Undirected
THR-294;LYS-171;Undirected
THR-294;THR-172;Undirected
TRP-334;LEU-46;Undirected
TRP-450;GLN-6;Undirected
TRP-450;LEU-7;Undirected
TRP-450;MET-5;Undirected
TYR-129;GLU-198;Undirected
TYR-129;LEU-160;Undirected
TYR-440;CYS-196;Undirected
TYR-440;GLN-195;Undirected
TYR-440;HIS-204;Undirected
TYR-440;SER-205;Undirected
TYR-443;ARG-134;Undirected
TYR-443;LEU-135;Undirected
TYR-447;ALA-2;Undirected
VAL-295;ARG-178;Undirected
VAL-295;ASN-180;Undirected
VAL-295;ASP-173;Undirected
VAL-295;ILE-175;Undirected
VAL-299;LEU-84;Undirected
VAL-299;TYR-85;Undirected
VAL-318;THR-66;Undirected
VAL-318;TRP-65;Undirected
VAL-357;THR-27;Undirected
VAL-366;LEU-20;Undirected
VAL-366;LYS-171;Undirected
VAL-366;PHE-9;Undirected
