Id;cadena
ALA-1-F;F
ARG-17-G;G
ALA-1-F;F
ASP-65-S;S
ALA-1-G;G
ILE-286-N;N
ALA-1-S;S
ARG-17-T;T
ALA-114-A;A
LEU-50-J;J
ALA-114-N;N
LEU-50-W;W
ALA-117-D;D
LYS-51-K;K
ALA-117-D;D
PRO-50-K;K
ALA-117-D;D
THR-49-K;K
ALA-117-D;D
VAL-48-K;K
ALA-117-Q;Q
LYS-51-X;X
ALA-117-Q;Q
PRO-50-X;X
ALA-117-Q;Q
THR-49-X;X
ALA-117-Q;Q
VAL-48-X;X
ALA-12-B;B
TYR-47-I;I
ALA-12-B;B
TYR-51-I;I
ALA-12-D;D
HIS-75-F;F
ALA-12-D;D
LYS-55-F;F
ALA-12-D;D
TRP-73-F;F
ALA-12-O;O
TYR-47-V;V
ALA-12-O;O
TYR-51-V;V
ALA-12-Q;Q
HIS-75-S;S
ALA-12-Q;Q
TRP-73-S;S
ALA-120-A;A
GLN-43-L;L
ALA-120-N;N
GLN-43-Y;Y
ALA-137-A;A
VAL-159-B;B
ALA-137-N;N
VAL-159-O;O
ALA-139-C;C
ALA-24-G;G
ALA-139-C;C
VAL-28-G;G
ALA-139-P;P
ALA-24-T;T
ALA-139-P;P
VAL-28-T;T
ALA-141-A;A
HIS-36-C;C
ALA-141-A;A
THR-32-C;C
ALA-141-N;N
HIS-36-P;P
ALA-141-N;N
THR-32-P;P
ALA-175-A;A
ALA-35-F;F
ALA-175-A;A
ILE-61-F;F
ALA-175-N;N
ALA-35-S;S
ALA-175-N;N
ILE-61-S;S
ALA-184-C;C
ASN-76-G;G
ALA-184-C;C
VAL-75-G;G
ALA-184-P;P
ASN-76-T;T
ALA-184-P;P
VAL-75-T;T
ALA-204-A;A
GLY-96-C;C
ALA-204-A;A
PHE-93-C;C
ALA-204-A;A
PHE-97-C;C
ALA-204-N;N
GLY-96-P;P
ALA-204-N;N
PHE-93-P;P
ALA-223-A;A
HIS-52-G;G
ALA-223-N;N
HIS-51-T;T
ALA-223-N;N
HIS-52-T;T
ALA-24-A;A
PHE-29-L;L
ALA-24-N;N
PHE-29-Y;Y
ALA-3-G;G
LEU-197-N;N
ALA-3-G;G
PHE-282-N;N
ALA-303-A;A
LEU-84-B;B
ALA-303-A;A
TYR-85-B;B
ALA-303-N;N
LEU-84-O;O
ALA-303-N;N
TYR-85-O;O
ALA-32-A;A
PHE-33-L;L
ALA-32-A;A
PHE-37-L;L
ALA-32-A;A
PRO-36-L;L
ALA-32-N;N
PHE-33-Y;Y
ALA-32-N;N
PHE-37-Y;Y
ALA-32-N;N
PRO-36-Y;Y
ALA-325-A;A
TRP-65-B;B
ALA-325-N;N
TRP-65-O;O
ALA-39-A;A
GLU-99-D;D
ALA-39-A;A
TYR-104-D;D
ALA-39-N;N
GLU-99-Q;Q
ALA-39-N;N
TYR-104-Q;Q
ALA-4-G;G
GLY-281-N;N
ALA-4-G;G
LEU-194-N;N
ALA-4-G;G
LEU-197-N;N
ALA-4-G;G
PHE-282-N;N
ALA-4-G;G
PHE-285-N;N
ALA-415-A;A
ALA-85-D;D
ALA-415-N;N
ALA-85-Q;Q
ALA-446-A;A
ALA-2-B;B
ALA-446-A;A
MET-5-B;B
ALA-446-A;A
PRO-4-B;B
ALA-446-A;A
TYR-3-B;B
ALA-446-N;N
ALA-2-O;O
ALA-446-N;N
MET-5-O;O
ALA-446-N;N
PRO-4-O;O
ALA-446-N;N
TYR-3-O;O
ALA-46-D;D
ARG-56-E;E
ALA-46-Q;Q
ARG-56-R;R
ALA-477-A;A
LYS-18-L;L
ALA-477-A;A
THR-10-M;M
ALA-477-A;A
THR-8-M;M
ALA-477-N;N
LYS-18-Y;Y
ALA-477-N;N
THR-10-Z;Z
ALA-477-N;N
THR-8-Z;Z
ALA-66-I;I
TRP-53-K;K
ALA-66-V;V
TRP-53-X;X
ALA-69-D;D
ASP-107-E;E
ALA-69-D;D
LEU-106-E;E
ALA-69-D;D
LYS-108-E;E
ALA-69-Q;Q
ASP-107-R;R
ALA-69-Q;Q
LEU-106-R;R
ALA-69-Q;Q
LYS-108-R;R
ALA-7-C;C
ILE-33-F;F
ALA-7-C;C
TYR-31-F;F
ALA-7-P;P
ILE-33-S;S
ALA-7-P;P
TYR-31-S;S
ALA-84-D;D
VAL-17-K;K
ALA-84-Q;Q
VAL-17-X;X
ALA-93-D;D
TRP-29-K;K
ALA-93-D;D
VAL-28-K;K
ALA-93-Q;Q
TRP-29-X;X
ALA-93-Q;Q
VAL-28-X;X
ARG-122-D;D
TRP-53-K;K
ARG-122-Q;Q
TRP-53-X;X
ARG-134-B;B
PRO-108-D;D
ARG-134-B;B
THR-110-D;D
ARG-134-O;O
PRO-108-Q;Q
ARG-134-O;O
THR-110-Q;Q
ARG-14-G;G
MET-271-N;N
ARG-14-G;G
TYR-179-N;N
ARG-141-B;B
ARG-122-D;D
ARG-141-B;B
GLN-70-I;I
ARG-141-B;B
ILE-68-I;I
ARG-141-O;O
ARG-122-Q;Q
ARG-141-O;O
GLN-70-V;V
ARG-141-O;O
ILE-68-V;V
ARG-151-B;B
ALA-14-H;H
ARG-151-B;B
LEU-63-H;H
ARG-151-B;B
PRO-15-H;H
ARG-151-O;O
ALA-14-U;U
ARG-151-O;O
LEU-63-U;U
ARG-151-O;O
PRO-15-U;U
ARG-156-C;C
GLY-4-F;F
ARG-156-C;C
GLY-5-F;F
ARG-156-C;C
VAL-6-F;F
ARG-156-P;P
GLY-4-S;S
ARG-156-P;P
GLY-5-S;S
ARG-156-P;P
VAL-6-S;S
ARG-178-B;B
ASN-24-H;H
ARG-178-B;B
THR-26-H;H
ARG-178-B;B
TRP-68-H;H
ARG-178-O;O
ASN-24-U;U
ARG-178-O;O
THR-26-U;U
ARG-178-O;O
TRP-68-U;U
ARG-188-B;B
PRO-130-D;D
ARG-188-B;B
TYR-51-I;I
ARG-188-B;B
TYR-54-I;I
ARG-188-O;O
PRO-130-Q;Q
ARG-188-O;O
TYR-51-V;V
ARG-188-O;O
TYR-54-V;V
ARG-20-D;D
ASP-73-E;E
ARG-20-D;D
VAL-37-E;E
ARG-20-Q;Q
ASP-73-R;R
ARG-20-Q;Q
VAL-37-R;R
ARG-213-A;A
LYS-58-G;G
ARG-213-N;N
LYS-58-T;T
ARG-302-A;A
ASP-88-B;B
ARG-302-A;A
GLN-23-H;H
ARG-302-A;A
LEU-84-B;B
ARG-302-N;N
ASP-88-O;O
ARG-302-N;N
GLN-23-U;U
ARG-302-N;N
LEU-84-O;O
ARG-41-L;L
TRP-32-M;M
ARG-41-L;L
TYR-40-M;M
ARG-41-Y;Y
TRP-32-Z;Z
ARG-41-Y;Y
TYR-40-Z;Z
ARG-438-A;A
HIS-204-B;B
ARG-438-N;N
HIS-204-O;O
ARG-439-A;A
HIS-204-B;B
ARG-439-A;A
ILE-199-B;B
ARG-439-N;N
HIS-204-O;O
ARG-439-N;N
ILE-199-O;O
ARG-480-A;A
LYS-4-M;M
ARG-480-N;N
LYS-4-Z;Z
ARG-5-A;A
ASN-10-L;L
ARG-5-A;A
GLU-4-L;L
ARG-5-A;A
LYS-9-L;L
ARG-5-A;A
TYR-3-L;L
ARG-5-N;N
ASN-10-Y;Y
ARG-5-N;N
GLU-4-Y;Y
ARG-5-N;N
LYS-9-Y;Y
ARG-5-N;N
TYR-3-Y;Y
ARG-59-C;C
ASP-28-J;J
ARG-59-C;C
HIS-21-J;J
ARG-59-P;P
ASP-28-W;W
ARG-59-P;P
HIS-21-W;W
ARG-61-D;D
LEU-106-E;E
ARG-61-D;D
LYS-108-E;E
ARG-61-Q;Q
LEU-106-R;R
ARG-61-Q;Q
LYS-108-R;R
ARG-63-C;C
ASP-28-J;J
ARG-63-C;C
GLY-24-J;J
ARG-63-C;C
HIS-21-J;J
ARG-63-C;C
PHE-12-J;J
ARG-63-C;C
VAL-20-J;J
ARG-63-P;P
ASP-28-W;W
ARG-63-P;P
GLY-24-W;W
ARG-63-P;P
HIS-21-W;W
ARG-63-P;P
PHE-12-W;W
ARG-63-P;P
VAL-20-W;W
ARG-96-A;A
ASP-60-C;C
ARG-96-A;A
GLU-64-C;C
ARG-96-A;A
PRO-17-C;C
ARG-96-A;A
SER-14-C;C
ARG-96-A;A
TRP-57-C;C
ARG-96-A;A
VAL-11-C;C
ARG-96-A;A
VAL-61-C;C
ARG-96-N;N
ASP-60-P;P
ARG-96-N;N
GLU-64-P;P
ARG-96-N;N
PRO-17-P;P
ARG-96-N;N
SER-14-P;P
ARG-96-N;N
TRP-57-P;P
ARG-96-N;N
VAL-11-P;P
ARG-96-N;N
VAL-61-P;P
ASN-12-C;C
PRO-19-J;J
ASN-12-C;C
VAL-20-J;J
ASN-12-P;P
PRO-19-W;W
ASN-12-P;P
VAL-20-W;W
ASN-135-A;A
LYS-58-G;G
ASN-135-A;A
THR-57-G;G
ASN-135-N;N
LYS-58-T;T
ASN-135-N;N
THR-57-T;T
ASN-140-B;B
GLN-70-I;I
ASN-140-O;O
GLN-70-V;V
ASN-170-A;A
ALA-74-C;C
ASN-170-A;A
GLY-78-C;C
ASN-170-A;A
LYS-77-C;C
ASN-170-A;A
TYR-8-C;C
ASN-170-N;N
ALA-74-P;P
ASN-170-N;N
GLY-78-P;P
ASN-170-N;N
LYS-77-P;P
ASN-170-N;N
TYR-8-P;P
ASN-180-B;B
GLN-23-H;H
ASN-180-O;O
GLN-23-U;U
ASN-214-A;A
HIS-36-C;C
ASN-214-A;A
LYS-58-G;G
ASN-214-A;A
PHE-35-C;C
ASN-214-N;N
HIS-36-P;P
ASN-214-N;N
LYS-58-T;T
ASN-214-N;N
PHE-35-P;P
ASN-216-A;A
ARG-56-G;G
ASN-216-A;A
ILE-188-C;C
ASN-216-A;A
ILE-55-G;G
ASN-216-A;A
LYS-58-G;G
ASN-216-A;A
PHE-60-G;G
ASN-216-A;A
SER-189-C;C
ASN-216-A;A
THR-57-G;G
ASN-216-N;N
ARG-56-T;T
ASN-216-N;N
ILE-188-P;P
ASN-216-N;N
ILE-55-T;T
ASN-216-N;N
LYS-58-T;T
ASN-216-N;N
PHE-60-T;T
ASN-216-N;N
SER-189-P;P
ASN-216-N;N
THR-57-T;T
ASN-230-C;C
ASP-9-F;F
ASN-230-P;P
ASP-9-S;S
ASN-331-A;A
ARG-19-D;D
ASN-331-A;A
ARG-20-D;D
ASN-331-A;A
ASP-21-D;D
ASN-331-N;N
ARG-19-Q;Q
ASN-331-N;N
ARG-20-Q;Q
ASN-331-N;N
ASP-21-Q;Q
ASN-360-A;A
ILE-76-B;B
ASN-360-A;A
PHE-23-B;B
ASN-360-A;A
SER-80-B;B
ASN-360-N;N
ILE-76-O;O
ASN-360-N;N
PHE-23-O;O
ASN-360-N;N
SER-80-O;O
ASN-38-C;C
SER-61-G;G
ASN-38-P;P
SER-61-T;T
ASN-4-A;A
PRO-13-C;C
ASN-4-A;A
TYR-3-L;L
ASN-4-N;N
PRO-13-P;P
ASN-4-N;N
TYR-3-Y;Y
ASN-496-A;A
ILE-57-F;F
ASN-496-A;A
TRP-73-F;F
ASN-496-A;A
TYR-11-D;D
ASN-496-N;N
TRP-73-S;S
ASN-496-N;N
TYR-11-Q;Q
ASN-512-A;A
ALA-38-F;F
ASN-512-A;A
ASN-47-F;F
ASN-512-A;A
PRO-36-F;F
ASN-512-A;A
TYR-89-F;F
ASN-512-N;N
ALA-38-S;S
ASN-512-N;N
ASN-47-S;S
ASN-512-N;N
PRO-36-S;S
ASN-512-N;N
TYR-89-S;S
ASN-55-A;A
ILE-199-B;B
ASN-55-N;N
ILE-199-O;O
ASN-72-D;D
ASP-73-E;E
ASN-72-Q;Q
ASP-73-R;R
ASN-76-D;D
ASP-11-K;K
ASN-76-D;D
HIS-10-K;K
ASN-76-Q;Q
ASP-11-X;X
ASN-76-Q;Q
HIS-10-X;X
ASN-99-A;A
PRO-17-C;C
ASN-99-N;N
PRO-17-P;P
ASP-11-B;B
ALA-129-D;D
ASP-11-B;B
GLN-132-D;D
ASP-11-B;B
GLY-133-D;D
ASP-11-B;B
ILE-131-D;D
ASP-11-B;B
PRO-130-D;D
ASP-11-B;B
TYR-47-I;I
ASP-11-O;O
ALA-129-Q;Q
ASP-11-O;O
GLN-132-Q;Q
ASP-11-O;O
GLY-133-Q;Q
ASP-11-O;O
ILE-131-Q;Q
ASP-11-O;O
PRO-130-Q;Q
ASP-11-O;O
TYR-47-V;V
ASP-112-B;B
ARG-58-H;H
ASP-112-B;B
GLN-12-H;H
ASP-112-B;B
SER-62-H;H
ASP-112-B;B
THR-13-H;H
ASP-112-O;O
ARG-58-U;U
ASP-112-O;O
GLN-12-U;U
ASP-112-O;O
SER-62-U;U
ASP-112-O;O
THR-13-U;U
ASP-115-B;B
LYS-61-H;H
ASP-115-O;O
LYS-61-U;U
ASP-12-E;E
ARG-10-I;I
ASP-12-R;R
ARG-10-V;V
ASP-125-D;D
ALA-66-I;I
ASP-125-D;D
MET-63-I;I
ASP-125-D;D
TRP-53-K;K
ASP-125-Q;Q
ALA-66-V;V
ASP-125-Q;Q
MET-63-V;V
ASP-125-Q;Q
TRP-53-X;X
ASP-139-B;B
GLN-70-I;I
ASP-139-O;O
GLN-70-V;V
ASP-144-A;A
HIS-36-C;C
ASP-144-N;N
HIS-36-P;P
ASP-155-C;C
ALA-1-F;F
ASP-155-C;C
GLY-4-F;F
ASP-155-C;C
SER-2-F;F
ASP-155-C;C
VAL-6-F;F
ASP-155-P;P
ALA-1-S;S
ASP-155-P;P
GLY-4-S;S
ASP-155-P;P
SER-2-S;S
ASP-155-P;P
VAL-6-S;S
ASP-18-D;D
ARG-66-E;E
ASP-18-Q;Q
ARG-66-R;R
ASP-190-C;C
ARG-54-G;G
ASP-190-C;C
HIS-52-G;G
ASP-190-C;C
LEU-53-G;G
ASP-190-P;P
ARG-54-T;T
ASP-190-P;P
HIS-52-T;T
ASP-190-P;P
LEU-53-T;T
ASP-21-D;D
VAL-37-E;E
ASP-21-Q;Q
VAL-37-R;R
ASP-212-A;A
THR-57-G;G
ASP-212-N;N
THR-57-T;T
ASP-227-A;A
HIS-103-C;C
ASP-227-N;N
HIS-103-P;P
ASP-25-B;B
ALA-40-I;I
ASP-25-B;B
ARG-43-I;I
ASP-25-B;B
TYR-35-I;I
ASP-25-O;O
ALA-40-V;V
ASP-25-O;O
ARG-43-V;V
ASP-25-O;O
TYR-35-V;V
ASP-26-D;D
ARG-30-E;E
ASP-26-Q;Q
ARG-30-R;R
ASP-298-A;A
ASN-22-H;H
ASP-298-N;N
ASN-22-U;U
ASP-300-A;A
TYR-85-B;B
ASP-300-N;N
TYR-85-O;O
ASP-369-A;A
GLU-198-B;B
ASP-369-A;A
SER-197-B;B
ASP-369-N;N
GLU-198-O;O
ASP-369-N;N
SER-197-O;O
ASP-40-E;E
ALA-14-I;I
ASP-40-E;E
ARG-10-I;I
ASP-40-E;E
GLY-11-I;I
ASP-40-E;E
LEU-12-I;I
ASP-40-E;E
LEU-13-I;I
ASP-40-R;R
ALA-14-V;V
ASP-40-R;R
ARG-10-V;V
ASP-40-R;R
GLY-11-V;V
ASP-40-R;R
LEU-12-V;V
ASP-40-R;R
LEU-13-V;V
ASP-442-A;A
ARG-134-B;B
ASP-442-A;A
LEU-135-B;B
ASP-442-A;A
SER-205-B;B
ASP-442-N;N
ARG-134-O;O
ASP-442-N;N
LEU-135-O;O
ASP-442-N;N
SER-205-O;O
ASP-445-A;A
ARG-134-B;B
ASP-445-A;A
ASN-41-K;K
ASP-445-A;A
PHE-111-D;D
ASP-445-A;A
THR-110-D;D
ASP-445-N;N
ARG-134-O;O
ASP-445-N;N
ASN-41-X;X
ASP-445-N;N
PHE-111-Q;Q
ASP-445-N;N
THR-110-Q;Q
ASP-486-A;A
ARG-19-D;D
ASP-486-A;A
ILE-1-M;M
ASP-486-A;A
VAL-17-D;D
ASP-486-N;N
ARG-19-Q;Q
ASP-486-N;N
ILE-1-Z;Z
ASP-486-N;N
VAL-17-Q;Q
ASP-49-H;H
ASP-49-U;U
ASP-49-H;H
GLY-47-U;U
ASP-49-H;H
GLY-48-U;U
ASP-50-A;A
SER-202-B;B
ASP-50-N;N
SER-202-O;O
ASP-51-A;A
ASN-203-B;B
ASP-51-A;A
GLY-201-B;B
ASP-51-A;A
HIS-204-B;B
ASP-51-A;A
SER-202-B;B
ASP-51-A;A
SER-205-B;B
ASP-51-N;N
ASN-203-O;O
ASP-51-N;N
GLY-201-O;O
ASP-51-N;N
HIS-204-O;O
ASP-51-N;N
SER-202-O;O
ASP-51-N;N
SER-205-O;O
ASP-60-C;C
HIS-21-J;J
ASP-60-P;P
HIS-21-W;W
ASP-65-F;F
ALA-1-S;S
ASP-7-G;G
ILE-169-N;N
ASP-7-G;G
MET-189-N;N
ASP-7-G;G
MET-278-N;N
ASP-8-E;E
ARG-10-I;I
ASP-8-R;R
ARG-10-V;V
ASP-88-B;B
GLN-23-H;H
ASP-88-O;O
GLN-23-U;U
ASP-88-O;O
PRO-21-U;U
CYS-115-C;C
LYS-84-H;H
CYS-115-P;P
LYS-84-U;U
CYS-498-N;N
PRO-7-Y;Y
GLN-12-F;F
ASN-3-J;J
GLN-12-F;F
GLN-9-J;J
GLN-12-F;F
VAL-5-J;J
GLN-12-S;S
ASN-3-W;W
GLN-12-S;S
GLN-9-W;W
GLN-12-S;S
VAL-5-W;W
GLN-132-D;D
ALA-46-I;I
GLN-132-D;D
ARG-43-I;I
GLN-132-D;D
TYR-47-I;I
GLN-132-Q;Q
ALA-46-V;V
GLN-132-Q;Q
ARG-43-V;V
GLN-132-Q;Q
LYS-42-V;V
GLN-132-Q;Q
TYR-47-V;V
GLN-161-C;C
PHE-21-G;G
GLN-161-P;P
PHE-21-T;T
GLN-178-A;A
HIS-8-T;T
GLN-180-A;A
ASN-66-F;F
GLN-180-A;A
GLU-64-F;F
GLN-180-A;A
ILE-61-F;F
GLN-180-A;A
SER-67-F;F
GLN-180-N;N
ASN-66-S;S
GLN-180-N;N
GLU-64-S;S
GLN-180-N;N
ILE-61-S;S
GLN-180-N;N
SER-67-S;S
GLN-181-B;B
GLN-23-H;H
GLN-181-B;B
GLN-25-H;H
GLN-181-O;O
GLN-23-U;U
GLN-181-O;O
GLN-25-U;U
GLN-232-A;A
LEU-160-B;B
GLN-232-N;N
LEU-160-O;O
GLN-4-C;C
LEU-16-F;F
GLN-4-C;C
TYR-31-F;F
GLN-4-P;P
LEU-16-S;S
GLN-4-P;P
TYR-31-S;S
GLN-43-A;A
GLY-105-D;D
GLN-43-A;A
ILE-107-D;D
GLN-43-A;A
LYS-100-D;D
GLN-43-A;A
TYR-104-D;D
GLN-43-N;N
GLY-105-Q;Q
GLN-43-N;N
ILE-107-Q;Q
GLN-43-N;N
LYS-100-Q;Q
GLN-43-N;N
TYR-104-Q;Q
GLN-52-A;A
SER-202-B;B
GLN-52-N;N
SER-202-O;O
GLN-56-C;C
LEU-31-J;J
GLN-56-C;C
THR-35-J;J
GLN-56-C;C
TYR-32-J;J
GLN-56-P;P
LEU-31-W;W
GLN-56-P;P
THR-35-W;W
GLN-56-P;P
TYR-32-W;W
GLN-68-C;C
GLY-15-F;F
GLN-68-C;C
LYS-23-J;J
GLN-68-C;C
PHE-12-J;J
GLN-68-C;C
THR-14-F;F
GLN-68-C;C
VAL-20-J;J
GLN-68-P;P
GLY-15-S;S
GLN-68-P;P
LYS-23-W;W
GLN-68-P;P
PHE-12-W;W
GLN-68-P;P
THR-14-S;S
GLN-68-P;P
VAL-20-W;W
GLN-87-E;E
ALA-3-I;I
GLN-87-E;E
LEU-4-I;I
GLN-87-E;E
THR-2-I;I
GLN-87-R;R
ALA-3-V;V
GLN-87-R;R
LEU-4-V;V
GLN-87-R;R
THR-2-V;V
GLU-109-B;B
ILE-66-H;H
GLU-109-B;B
PRO-65-H;H
GLU-109-O;O
ILE-66-U;U
GLU-109-O;O
PRO-65-U;U
GLU-111-C;C
ARG-75-H;H
GLU-111-C;C
HIS-52-G;G
GLU-111-C;C
TRP-72-H;H
GLU-111-P;P
ARG-75-U;U
GLU-111-P;P
HIS-52-T;T
GLU-111-P;P
PRO-82-U;U
GLU-111-P;P
TRP-72-U;U
GLU-114-D;D
LYS-51-K;K
GLU-114-Q;Q
LYS-51-X;X
GLU-119-A;A
GLN-43-L;L
GLU-119-A;A
LYS-46-L;L
GLU-119-N;N
GLN-43-Y;Y
GLU-119-N;N
LYS-46-Y;Y
GLU-128-C;C
HIS-38-G;G
GLU-128-C;C
SER-35-G;G
GLU-128-C;C
SER-39-G;G
GLU-128-P;P
HIS-38-T;T
GLU-128-P;P
SER-35-T;T
GLU-128-P;P
SER-39-T;T
GLU-132-B;B
ARG-122-D;D
GLU-132-B;B
GLN-119-D;D
GLU-132-B;B
TRP-115-D;D
GLU-132-O;O
ARG-122-Q;Q
GLU-132-O;O
GLN-119-Q;Q
GLU-132-O;O
TRP-115-Q;Q
GLU-137-B;B
ARG-122-D;D
GLU-137-O;O
ARG-122-Q;Q
GLU-147-B;B
SER-56-I;I
GLU-147-O;O
SER-56-V;V
GLU-153-C;C
ALA-13-G;G
GLU-153-C;C
GLY-12-G;G
GLU-153-P;P
ALA-13-T;T
GLU-153-P;P
GLY-12-T;T
GLU-157-B;B
SER-67-H;H
GLU-157-O;O
SER-67-U;U
GLU-18-B;B
TYR-47-I;I
GLU-18-B;B
TYR-51-I;I
GLU-18-O;O
TYR-47-V;V
GLU-18-O;O
TYR-51-V;V
GLU-183-C;C
ASN-72-G;G
GLU-183-C;C
HIS-41-G;G
GLU-183-C;C
VAL-75-G;G
GLU-183-P;P
HIS-41-T;T
GLU-183-P;P
VAL-75-T;T
GLU-212-B;B
GLN-70-I;I
GLU-212-B;B
PHE-69-I;I
GLU-212-B;B
SER-71-I;I
GLU-212-O;O
GLN-70-V;V
GLU-212-O;O
PHE-69-V;V
GLU-212-O;O
SER-71-V;V
GLU-266-A;A
SER-67-F;F
GLU-266-A;A
THR-55-B;B
GLU-266-A;A
THR-68-F;F
GLU-266-N;N
SER-67-S;S
GLU-266-N;N
THR-55-O;O
GLU-266-N;N
THR-68-S;S
GLU-28-E;E
ARG-81-F;F
GLU-28-R;R
ARG-81-S;S
GLU-44-D;D
ARG-56-E;E
GLU-44-D;D
ASN-59-E;E
GLU-44-D;D
ASP-60-E;E
GLU-44-D;D
PHE-61-E;E
GLU-44-E;E
LYS-6-I;I
GLU-44-Q;Q
ARG-56-R;R
GLU-44-Q;Q
ASN-59-R;R
GLU-44-Q;Q
PHE-61-R;R
GLU-44-R;R
LYS-6-V;V
GLU-474-A;A
GLN-15-M;M
GLU-474-N;N
GLN-15-Z;Z
GLU-481-A;A
ALA-3-M;M
GLU-481-A;A
LYS-4-M;M
GLU-481-A;A
LYS-7-M;M
GLU-481-A;A
SER-8-D;D
GLU-481-N;N
ALA-3-Z;Z
GLU-481-N;N
LYS-4-Z;Z
GLU-481-N;N
LYS-7-Z;Z
GLU-481-N;N
SER-8-Q;Q
GLU-506-A;A
GLN-4-C;C
GLU-506-A;A
HIS-3-C;C
GLU-506-A;A
HIS-6-C;C
GLU-506-A;A
THR-5-C;C
GLU-506-N;N
GLN-4-P;P
GLU-506-N;N
HIS-3-P;P
GLU-506-N;N
HIS-6-P;P
GLU-506-N;N
THR-5-P;P
GLU-507-A;A
ARG-56-F;F
GLU-507-A;A
ILE-52-F;F
GLU-507-A;A
LYS-55-F;F
GLU-507-A;A
SER-51-F;F
GLU-507-A;A
THR-5-C;C
GLU-507-N;N
ARG-56-S;S
GLU-507-N;N
ILE-52-S;S
GLU-507-N;N
LYS-55-S;S
GLU-507-N;N
SER-51-S;S
GLU-507-N;N
THR-5-P;P
GLU-64-C;C
VAL-20-J;J
GLU-64-P;P
VAL-20-W;W
GLU-66-D;D
ARG-66-E;E
GLU-66-Q;Q
ARG-66-R;R
GLU-70-D;D
LYS-108-E;E
GLU-70-Q;Q
LYS-108-R;R
GLU-77-D;D
HIS-10-K;K
GLU-77-Q;Q
HIS-10-X;X
GLU-80-E;E
PRO-7-I;I
GLU-80-R;R
PRO-7-V;V
GLY-113-C;C
GLY-83-H;H
GLY-113-C;C
PRO-82-H;H
GLY-113-C;C
TRP-30-H;H
GLY-113-P;P
GLY-83-U;U
GLY-113-P;P
PRO-82-U;U
GLY-113-P;P
TRP-30-U;U
GLY-120-C;C
LEU-53-G;G
GLY-120-C;C
TYR-50-G;G
GLY-120-P;P
LEU-53-T;T
GLY-120-P;P
TYR-50-T;T
GLY-123-A;A
ILE-199-B;B
GLY-123-N;N
ILE-199-O;O
GLY-131-B;B
ARG-122-D;D
GLY-131-B;B
GLN-119-D;D
GLY-131-B;B
LYS-118-D;D
GLY-131-B;B
TRP-115-D;D
GLY-131-O;O
ARG-122-Q;Q
GLY-131-O;O
GLN-119-Q;Q
GLY-131-O;O
LYS-118-Q;Q
GLY-131-O;O
TRP-115-Q;Q
GLY-140-A;A
HIS-36-C;C
GLY-140-N;N
HIS-36-P;P
GLY-154-C;C
GLY-4-F;F
GLY-154-C;C
GLY-5-F;F
GLY-154-C;C
VAL-6-F;F
GLY-154-P;P
GLY-4-S;S
GLY-154-P;P
GLY-5-S;S
GLY-154-P;P
VAL-6-S;S
GLY-177-B;B
THR-26-H;H
GLY-177-B;B
TRP-68-H;H
GLY-177-O;O
THR-26-U;U
GLY-177-O;O
TRP-68-U;U
GLY-190-B;B
MET-63-I;I
GLY-190-B;B
PHE-69-I;I
GLY-190-O;O
MET-63-V;V
GLY-190-O;O
PHE-69-V;V
GLY-191-C;C
HIS-52-G;G
GLY-191-P;P
HIS-52-T;T
GLY-22-G;G
TRP-275-N;N
GLY-224-A;A
GLY-191-C;C
GLY-224-A;A
LEU-112-C;C
GLY-224-A;A
VAL-192-C;C
GLY-224-N;N
GLY-191-P;P
GLY-224-N;N
LEU-112-P;P
GLY-224-N;N
VAL-192-P;P
GLY-225-A;A
LEU-112-C;C
GLY-225-A;A
THR-109-C;C
GLY-225-N;N
LEU-112-P;P
GLY-225-N;N
THR-109-P;P
GLY-263-A;A
ASP-21-D;D
GLY-263-A;A
THR-53-B;B
GLY-263-N;N
ASP-21-Q;Q
GLY-269-A;A
ALA-58-B;B
GLY-269-N;N
ALA-58-O;O
GLY-281-A;A
ALA-4-T;T
GLY-296-A;A
ARG-178-B;B
GLY-296-A;A
ASN-180-B;B
GLY-296-A;A
GLN-23-H;H
GLY-296-N;N
ARG-178-O;O
GLY-296-N;N
ASN-180-O;O
GLY-296-N;N
GLN-23-U;U
GLY-329-A;A
HIS-52-B;B
GLY-329-A;A
LEU-13-I;I
GLY-329-A;A
THR-51-B;B
GLY-329-A;A
THR-53-B;B
GLY-329-N;N
HIS-52-O;O
GLY-329-N;N
LEU-13-V;V
GLY-329-N;N
THR-51-O;O
GLY-329-N;N
THR-53-O;O
GLY-330-A;A
THR-51-B;B
GLY-330-N;N
THR-51-O;O
GLY-42-A;A
TYR-104-D;D
GLY-42-N;N
TYR-104-Q;Q
GLY-45-A;A
ARG-134-B;B
GLY-45-N;N
ARG-134-O;O
GLY-47-H;H
ASP-49-U;U
GLY-48-H;H
ASP-49-U;U
GLY-48-H;H
VAL-52-U;U
GLY-497-A;A
TYR-11-D;D
GLY-497-N;N
TYR-11-Q;Q
GLY-6-G;G
ILE-190-N;N
GLY-6-G;G
VAL-193-N;N
GLY-67-I;I
TRP-53-K;K
GLY-67-V;V
TRP-53-X;X
GLY-69-C;C
GLU-17-F;F
GLY-69-C;C
LEU-16-F;F
GLY-69-C;C
THR-14-F;F
GLY-69-P;P
GLU-17-S;S
GLY-69-P;P
LEU-16-S;S
GLY-69-P;P
THR-14-S;S
GLY-83-D;D
GLY-21-K;K
GLY-83-D;D
LEU-18-K;K
GLY-83-D;D
VAL-17-K;K
GLY-83-Q;Q
GLY-21-X;X
GLY-83-Q;Q
LEU-18-X;X
GLY-83-Q;Q
VAL-17-X;X
GLY-90-D;D
CYS-25-K;K
GLY-90-D;D
PHE-24-K;K
GLY-90-D;D
TRP-29-K;K
GLY-90-Q;Q
CYS-25-X;X
GLY-90-Q;Q
PHE-24-X;X
GLY-90-Q;Q
TRP-29-X;X
HEA-516-A;A
ILE-34-B;B
HEA-516-A;A
ILE-72-B;B
HEA-516-A;A
PRO-69-B;B
HEA-516-N;N
ILE-34-O;O
HEA-516-N;N
ILE-72-O;O
HEA-516-N;N
PRO-69-O;O
HIS-122-C;C
PRO-45-G;G
HIS-122-P;P
PRO-45-T;T
HIS-149-C;C
ALA-13-G;G
HIS-149-C;C
GLY-12-G;G
HIS-149-C;C
TRP-16-G;G
HIS-149-P;P
ALA-13-T;T
HIS-149-P;P
GLY-12-T;T
HIS-149-P;P
TRP-16-T;T
HIS-158-C;C
ALA-1-F;F
HIS-158-P;P
ALA-1-S;S
HIS-22-B;B
ARG-43-I;I
HIS-22-B;B
LYS-44-I;I
HIS-22-O;O
ARG-43-V;V
HIS-22-O;O
LYS-44-V;V
HIS-226-P;P
GLN-12-S;S
HIS-231-C;C
ASP-9-F;F
HIS-231-C;C
GLU-17-F;F
HIS-231-P;P
ASP-9-S;S
HIS-231-P;P
GLU-17-S;S
HIS-233-A;A
TRP-99-C;C
HIS-233-N;N
TRP-99-P;P
HIS-328-A;A
HIS-52-B;B
HIS-328-A;A
LEU-13-I;I
HIS-328-A;A
LEU-17-I;I
HIS-328-A;A
MET-45-B;B
HIS-328-A;A
MET-56-B;B
HIS-328-N;N
HIS-52-O;O
HIS-328-N;N
LEU-13-V;V
HIS-328-N;N
LEU-17-V;V
HIS-328-N;N
MET-45-O;O
HIS-328-N;N
MET-56-O;O
HIS-368-A;A
LYS-171-B;B
HIS-368-N;N
LYS-171-O;O
HIS-503-A;A
MET-10-C;C
HIS-503-N;N
MET-10-P;P
HIS-51-G;G
ARG-75-H;H
HIS-51-G;G
GLU-78-H;H
HIS-51-G;G
THR-80-H;H
HIS-51-T;T
ARG-75-U;U
HIS-51-T;T
GLU-78-U;U
HIS-51-T;T
THR-80-U;U
HIS-52-B;B
ASP-40-E;E
HIS-52-B;B
GLY-38-E;E
HIS-52-B;B
LEU-13-I;I
HIS-52-G;G
PRO-82-H;H
HIS-52-O;O
ASP-40-R;R
HIS-52-O;O
GLY-38-R;R
HIS-52-O;O
LEU-13-V;V
HIS-52-T;T
PRO-82-U;U
HIS-6-C;C
TYR-31-F;F
HIS-6-P;P
TYR-31-S;S
HIS-71-C;C
GLU-17-F;F
HIS-71-P;P
GLU-17-S;S
HIS-78-E;E
LEU-12-I;I
HIS-78-R;R
LEU-12-V;V
HIS-8-G;G
GLN-178-N;N
HIS-8-G;G
TYR-179-N;N
ILE-107-D;D
GLU-39-K;K
ILE-107-Q;Q
GLU-39-X;X
ILE-121-C;C
LEU-53-G;G
ILE-121-P;P
LEU-53-T;T
ILE-131-D;D
ALA-46-I;I
ILE-131-D;D
PHE-50-I;I
ILE-131-D;D
TYR-47-I;I
ILE-131-D;D
TYR-51-I;I
ILE-131-Q;Q
ALA-46-V;V
ILE-131-Q;Q
PHE-50-V;V
ILE-131-Q;Q
TYR-47-V;V
ILE-131-Q;Q
TYR-51-V;V
ILE-162-A;A
GLY-82-C;C
ILE-162-N;N
GLY-82-P;P
ILE-165-C;C
PHE-21-G;G
ILE-165-P;P
PHE-21-T;T
ILE-169-A;A
ASP-7-T;T
ILE-169-N;N
TYR-81-P;P
ILE-190-A;A
GLY-6-T;T
ILE-229-A;A
ARG-178-B;B
ILE-229-A;A
ILE-175-B;B
ILE-229-N;N
ARG-178-O;O
ILE-229-N;N
ILE-175-O;O
ILE-286-A;A
ALA-1-T;T
ILE-286-A;A
SER-2-T;T
ILE-314-A;A
ALA-70-B;B
ILE-314-A;A
LEU-73-B;B
ILE-314-A;A
THR-66-B;B
ILE-314-N;N
ALA-70-O;O
ILE-314-N;N
LEU-73-O;O
ILE-314-N;N
THR-66-O;O
ILE-365-A;A
GLY-169-B;B
ILE-365-A;A
LYS-171-B;B
ILE-365-A;A
MET-87-B;B
ILE-365-N;N
GLY-169-O;O
ILE-365-N;N
LYS-171-O;O
ILE-365-N;N
MET-87-O;O
ILE-41-B;B
ALA-24-I;I
ILE-41-B;B
ILE-21-I;I
ILE-41-O;O
ALA-24-V;V
ILE-41-O;O
ILE-21-V;V
ILE-412-A;A
ALA-84-D;D
ILE-412-A;A
VAL-81-D;D
ILE-412-N;N
ALA-84-Q;Q
ILE-412-N;N
VAL-81-Q;Q
ILE-416-A;A
PHE-88-D;D
ILE-416-N;N
PHE-88-Q;Q
ILE-45-P;P
LEU-38-W;W
ILE-453-A;A
TRP-40-K;K
ILE-460-A;A
THR-92-D;D
ILE-460-N;N
THR-92-Q;Q
ILE-472-A;A
MET-25-L;L
ILE-48-G;G
GLY-79-H;H
ILE-48-G;G
THR-80-H;H
ILE-48-T;T
GLY-79-U;U
ILE-48-T;T
THR-80-U;U
ILE-53-A;A
GLN-43-L;L
ILE-53-D;D
GLU-103-E;E
ILE-53-N;N
GLN-43-Y;Y
ILE-53-Q;Q
GLU-103-R;R
ILE-68-I;I
TRP-53-K;K
ILE-68-V;V
TRP-53-X;X
ILE-81-E;E
GLN-8-I;I
ILE-81-E;E
LEU-12-I;I
ILE-81-E;E
PRO-7-I;I
ILE-81-R;R
GLN-8-V;V
ILE-81-R;R
LEU-12-V;V
ILE-81-R;R
PRO-7-V;V
ILE-89-D;D
CYS-25-K;K
ILE-89-D;D
TRP-29-K;K
ILE-89-Q;Q
CYS-25-X;X
ILE-89-Q;Q
TRP-29-X;X
ILE-90-B;B
PHE-16-H;H
ILE-90-O;O
PHE-16-U;U
ILE-97-D;D
ILE-36-K;K
ILE-97-D;D
MET-32-K;K
ILE-97-D;D
TYR-31-K;K
ILE-97-Q;Q
ILE-36-X;X
ILE-97-Q;Q
MET-32-X;X
ILE-97-Q;Q
TYR-31-X;X
ILE-97-Q;Q
VAL-28-X;X
LEU-104-A;A
ALA-21-C;C
LEU-104-A;A
ALA-24-C;C
LEU-104-N;N
ALA-21-P;P
LEU-104-N;N
ALA-24-P;P
LEU-110-A;A
LEU-47-J;J
LEU-110-N;N
LEU-25-P;P
LEU-110-N;N
LEU-47-W;W
LEU-111-A;A
THR-28-C;C
LEU-111-N;N
THR-28-P;P
LEU-112-C;C
PRO-82-H;H
LEU-112-P;P
PRO-82-U;U
LEU-113-N;N
ILE-39-Y;Y
LEU-124-C;C
ARG-42-G;G
LEU-124-D;D
PRO-50-K;K
LEU-124-P;P
ARG-42-T;T
LEU-124-Q;Q
PRO-50-X;X
LEU-127-C;C
ASN-34-G;G
LEU-127-P;P
ASN-34-T;T
LEU-128-B;B
TRP-115-D;D
LEU-128-O;O
THR-110-Q;Q
LEU-128-O;O
TRP-115-Q;Q
LEU-13-D;D
HIS-75-F;F
LEU-13-Q;Q
HIS-75-S;S
LEU-132-A;A
CYS-200-B;B
LEU-132-A;A
GLY-201-B;B
LEU-132-A;A
ILE-199-B;B
LEU-132-A;A
VAL-159-B;B
LEU-132-C;C
CYS-31-G;G
LEU-132-C;C
THR-32-G;G
LEU-132-N;N
CYS-200-O;O
LEU-132-N;N
GLY-201-O;O
LEU-132-N;N
ILE-199-O;O
LEU-132-N;N
VAL-159-O;O
LEU-132-P;P
CYS-31-T;T
LEU-132-P;P
THR-32-T;T
LEU-133-B;B
ARG-122-D;D
LEU-133-B;B
GLN-119-D;D
LEU-133-O;O
ARG-122-Q;Q
LEU-133-O;O
GLN-119-Q;Q
LEU-145-A;A
THR-32-C;C
LEU-145-N;N
THR-32-P;P
LEU-151-C;C
VAL-6-F;F
LEU-151-P;P
VAL-6-S;S
LEU-152-A;A
ALA-24-C;C
LEU-152-N;N
ALA-24-P;P
LEU-153-B;B
LEU-63-H;H
LEU-153-O;O
LEU-63-U;U
LEU-179-B;B
ASN-24-H;H
LEU-179-B;B
CYS-29-H;H
LEU-179-B;B
GLN-23-H;H
LEU-179-B;B
GLN-25-H;H
LEU-179-B;B
LEU-63-H;H
LEU-179-B;B
PRO-65-H;H
LEU-179-B;B
THR-26-H;H
LEU-179-B;B
TRP-68-H;H
LEU-179-O;O
ASN-24-U;U
LEU-179-O;O
CYS-29-U;U
LEU-179-O;O
GLN-23-U;U
LEU-179-O;O
GLN-25-U;U
LEU-179-O;O
LEU-63-U;U
LEU-179-O;O
PRO-65-U;U
LEU-179-O;O
THR-26-U;U
LEU-179-O;O
TRP-68-U;U
LEU-191-B;B
ARG-122-D;D
LEU-191-B;B
MET-126-D;D
LEU-191-O;O
ARG-122-Q;Q
LEU-191-O;O
MET-126-Q;Q
LEU-194-A;A
ALA-4-T;T
LEU-196-A;A
LEU-85-C;C
LEU-196-A;A
SER-89-C;C
LEU-196-N;N
LEU-85-P;P
LEU-196-N;N
SER-89-P;P
LEU-197-A;A
ALA-3-T;T
LEU-197-A;A
ALA-4-T;T
LEU-197-A;A
ILE-88-C;C
LEU-197-A;A
LEU-92-C;C
LEU-197-N;N
ILE-88-P;P
LEU-197-N;N
LEU-92-P;P
LEU-21-A;A
PHE-28-L;L
LEU-21-A;A
PRO-12-L;L
LEU-21-B;B
ARG-43-I;I
LEU-21-B;B
TYR-47-I;I
LEU-21-N;N
PHE-28-Y;Y
LEU-21-N;N
PRO-12-Y;Y
LEU-21-O;O
ARG-43-V;V
LEU-21-O;O
TYR-47-V;V
LEU-213-B;B
PHE-69-I;I
LEU-213-O;O
PHE-69-V;V
LEU-215-A;A
PHE-35-C;C
LEU-215-A;A
PHE-60-G;G
LEU-215-N;N
PHE-35-P;P
LEU-215-N;N
PHE-60-T;T
LEU-22-C;C
THR-43-J;J
LEU-22-L;L
VAL-21-M;M
LEU-22-P;P
THR-43-W;W
LEU-22-Y;Y
VAL-21-Z;Z
LEU-223-C;C
PHE-1-J;J
LEU-223-P;P
PHE-1-W;W
LEU-230-A;A
ALA-100-C;C
LEU-230-A;A
HIS-103-C;C
LEU-230-N;N
ALA-100-P;P
LEU-230-N;N
HIS-103-P;P
LEU-234-A;A
TRP-99-C;C
LEU-234-N;N
TRP-99-P;P
LEU-24-D;D
ARG-30-E;E
LEU-24-D;D
ASN-34-E;E
LEU-24-D;D
LEU-29-E;E
LEU-24-D;D
MET-33-E;E
LEU-24-Q;Q
ARG-30-R;R
LEU-24-Q;Q
ASN-34-R;R
LEU-24-Q;Q
LEU-29-R;R
LEU-24-Q;Q
MET-33-R;R
LEU-24-Q;Q
SER-63-R;R
LEU-26-C;C
GLY-42-J;J
LEU-26-C;C
THR-43-J;J
LEU-26-P;P
GLY-42-W;W
LEU-26-P;P
THR-43-W;W
LEU-28-B;B
TYR-35-I;I
LEU-28-O;O
TYR-35-V;V
LEU-324-A;A
ILE-41-B;B
LEU-324-A;A
ILE-42-B;B
LEU-324-A;A
MET-45-B;B
LEU-324-N;N
ILE-42-O;O
LEU-324-N;N
MET-45-O;O
LEU-33-A;A
PRO-36-L;L
LEU-33-B;B
SER-28-I;I
LEU-33-N;N
PRO-36-Y;Y
LEU-33-O;O
SER-28-V;V
LEU-342-A;A
LEU-46-B;B
LEU-342-N;N
LEU-46-O;O
LEU-353-N;N
VAL-31-O;O
LEU-36-A;A
PHE-37-L;L
LEU-36-A;A
VAL-40-L;L
LEU-36-N;N
PHE-37-Y;Y
LEU-36-N;N
PRO-36-Y;Y
LEU-36-N;N
VAL-40-Y;Y
LEU-363-A;A
PHE-23-B;B
LEU-363-N;N
PHE-23-O;O
LEU-367-A;A
PHE-9-B;B
LEU-367-N;N
PHE-9-O;O
LEU-37-B;B
SER-28-I;I
LEU-37-O;O
SER-28-V;V
LEU-41-E;E
ARG-10-I;I
LEU-41-E;E
MET-9-I;I
LEU-41-R;R
ARG-10-V;V
LEU-41-R;R
MET-9-V;V
LEU-42-C;C
GLY-42-J;J
LEU-42-C;C
SER-46-J;J
LEU-42-C;C
TYR-45-J;J
LEU-42-P;P
GLY-42-W;W
LEU-42-P;P
SER-46-W;W
LEU-42-P;P
TYR-45-W;W
LEU-433-A;A
GLY-8-B;B
LEU-433-A;A
HIS-24-B;B
LEU-433-A;A
LEU-7-B;B
LEU-433-A;A
PHE-9-B;B
LEU-433-N;N
GLY-8-O;O
LEU-433-N;N
HIS-24-O;O
LEU-433-N;N
LEU-7-O;O
LEU-433-N;N
PHE-9-O;O
LEU-44-B;B
ARG-16-I;I
LEU-44-B;B
HIS-20-I;I
LEU-44-L;L
LEU-37-M;M
LEU-44-L;L
TYR-40-M;M
LEU-44-O;O
ARG-16-V;V
LEU-44-O;O
HIS-20-V;V
LEU-44-Y;Y
LEU-37-Z;Z
LEU-44-Y;Y
TYR-40-Z;Z
LEU-45-L;L
TYR-40-M;M
LEU-45-Y;Y
TYR-40-Z;Z
LEU-462-A;A
PHE-33-L;L
LEU-462-N;N
PHE-33-Y;Y
LEU-467-A;A
PHE-23-M;M
LEU-467-N;N
PHE-23-Z;Z
LEU-47-A;A
LEU-37-M;M
LEU-47-A;A
LYS-41-M;M
LEU-47-A;A
VAL-103-D;D
LEU-47-N;N
LEU-37-Z;Z
LEU-47-N;N
LYS-41-Z;Z
LEU-47-N;N
VAL-103-Q;Q
LEU-48-A;A
LEU-44-L;L
LEU-48-A;A
LYS-41-M;M
LEU-48-A;A
VAL-40-L;L
LEU-48-N;N
LEU-44-Y;Y
LEU-48-N;N
VAL-40-Y;Y
LEU-483-A;A
ALA-3-M;M
LEU-483-A;A
LYS-4-M;M
LEU-483-A;A
LYS-7-D;D
LEU-483-A;A
SER-8-D;D
LEU-483-A;A
THR-2-M;M
LEU-483-A;A
VAL-6-D;D
LEU-483-N;N
ALA-3-Z;Z
LEU-483-N;N
LYS-4-Z;Z
LEU-483-N;N
LYS-7-Q;Q
LEU-483-N;N
SER-8-Q;Q
LEU-483-N;N
THR-2-Z;Z
LEU-483-N;N
VAL-6-Q;Q
LEU-492-A;A
TRP-71-F;F
LEU-492-N;N
TRP-71-S;S
LEU-495-A;A
PHE-72-F;F
LEU-495-A;A
TRP-71-F;F
LEU-495-A;A
TRP-73-F;F
LEU-495-A;A
TYR-11-D;D
LEU-495-N;N
PHE-72-S;S
LEU-495-N;N
TRP-71-S;S
LEU-495-N;N
TRP-73-S;S
LEU-495-N;N
TYR-11-Q;Q
LEU-50-B;B
ALA-75-E;E
LEU-50-B;B
LEU-12-I;I
LEU-50-B;B
LEU-13-I;I
LEU-50-B;B
LYS-74-E;E
LEU-50-B;B
PRO-77-E;E
LEU-50-O;O
ALA-75-R;R
LEU-50-O;O
LEU-12-V;V
LEU-50-O;O
LEU-13-V;V
LEU-50-O;O
LYS-74-R;R
LEU-50-O;O
PRO-77-R;R
LEU-513-A;A
ALA-35-F;F
LEU-513-A;A
PRO-36-F;F
LEU-513-N;N
ALA-35-S;S
LEU-513-N;N
ALA-38-S;S
LEU-513-N;N
PRO-36-S;S
LEU-52-C;C
THR-35-J;J
LEU-52-P;P
THR-35-W;W
LEU-59-D;D
ALA-62-E;E
LEU-59-Q;Q
ALA-62-R;R
LEU-94-D;D
VAL-28-K;K
LEU-94-Q;Q
VAL-28-X;X
LEU-95-B;B
THR-13-H;H
LEU-95-D;D
LEU-27-M;M
LEU-95-O;O
THR-13-U;U
LEU-95-Q;Q
LEU-27-Z;Z
LEU-96-D;D
MET-32-K;K
LEU-96-D;D
TRP-29-K;K
LEU-96-Q;Q
MET-32-X;X
LEU-96-Q;Q
TRP-29-X;X
LYS-100-D;D
GLY-37-K;K
LYS-100-D;D
ILE-36-K;K
LYS-100-Q;Q
GLY-37-X;X
LYS-100-Q;Q
ILE-36-X;X
LYS-118-D;D
GLU-52-K;K
LYS-118-D;D
LYS-51-K;K
LYS-118-D;D
TRP-53-K;K
LYS-118-Q;Q
GLU-52-X;X
LYS-118-Q;Q
LYS-51-X;X
LYS-118-Q;Q
TRP-53-X;X
LYS-121-D;D
GLU-52-K;K
LYS-121-D;D
LYS-51-K;K
LYS-121-D;D
PRO-50-K;K
LYS-121-D;D
TRP-53-K;K
LYS-121-Q;Q
GLU-52-X;X
LYS-121-Q;Q
LYS-51-X;X
LYS-121-Q;Q
PRO-50-X;X
LYS-121-Q;Q
TRP-53-X;X
LYS-127-D;D
ASP-59-I;I
LYS-127-D;D
GLU-62-I;I
LYS-127-Q;Q
ASP-59-V;V
LYS-127-Q;Q
GLU-62-V;V
LYS-129-B;B
TRP-115-D;D
LYS-129-O;O
TRP-115-Q;Q
LYS-137-D;D
VAL-45-K;K
LYS-137-Q;Q
VAL-45-X;X
LYS-18-L;L
GLU-14-M;M
LYS-18-L;L
PRO-9-M;M
LYS-18-L;L
THR-10-M;M
LYS-18-L;L
THR-8-M;M
LYS-18-Y;Y
GLU-14-Z;Z
LYS-18-Y;Y
PRO-9-Z;Z
LYS-18-Y;Y
THR-10-Z;Z
LYS-18-Y;Y
THR-8-Z;Z
LYS-224-C;C
VAL-5-J;J
LYS-224-P;P
VAL-5-W;W
LYS-264-A;A
HIS-52-B;B
LYS-264-A;A
MET-56-B;B
LYS-264-A;A
THR-53-B;B
LYS-264-N;N
HIS-52-O;O
LYS-264-N;N
MET-56-O;O
LYS-264-N;N
THR-53-O;O
LYS-265-A;A
THR-68-F;F
LYS-265-N;N
THR-68-S;S
LYS-31-E;E
PRO-83-F;F
LYS-31-E;E
SER-84-F;F
LYS-31-R;R
PRO-83-S;S
LYS-31-R;R
SER-84-S;S
LYS-333-A;A
ILE-1-M;M
LYS-333-N;N
ILE-1-Z;Z
LYS-411-A;A
GLU-77-D;D
LYS-411-N;N
GLU-77-Q;Q
LYS-45-D;D
ARG-56-E;E
LYS-45-D;D
ASN-59-E;E
LYS-45-Q;Q
ARG-56-R;R
LYS-45-Q;Q
ASN-59-R;R
LYS-46-H;H
VAL-52-U;U
LYS-479-A;A
ALA-6-M;M
LYS-479-A;A
GLU-16-L;L
LYS-479-A;A
LYS-7-M;M
LYS-479-A;A
THR-8-M;M
LYS-479-A;A
VAL-15-L;L
LYS-479-N;N
ALA-6-Z;Z
LYS-479-N;N
GLU-16-Y;Y
LYS-479-N;N
LYS-7-Z;Z
LYS-479-N;N
THR-8-Z;Z
LYS-479-N;N
VAL-15-Y;Y
LYS-49-B;B
ARG-20-D;D
LYS-49-O;O
ARG-20-Q;Q
LYS-5-G;G
MET-278-N;N
LYS-5-G;G
PHE-282-N;N
LYS-514-A;A
CYS-60-F;F
LYS-514-A;A
ILE-61-F;F
LYS-514-A;A
TYR-89-F;F
LYS-514-N;N
CYS-60-S;S
LYS-514-N;N
ILE-61-S;S
LYS-514-N;N
TYR-89-S;S
LYS-56-D;D
GLY-97-E;E
LYS-56-D;D
LEU-104-E;E
LYS-56-D;D
PHE-61-E;E
LYS-56-D;D
SER-99-E;E
LYS-56-Q;Q
GLY-97-R;R
LYS-56-Q;Q
LEU-104-R;R
LYS-56-Q;Q
PHE-61-R;R
LYS-56-Q;Q
SER-99-R;R
LYS-63-D;D
ALA-62-E;E
LYS-63-D;D
ASP-60-E;E
LYS-63-D;D
SER-63-E;E
LYS-63-Q;Q
ALA-62-R;R
LYS-63-Q;Q
ASP-60-R;R
LYS-63-Q;Q
SER-63-R;R
LYS-79-D;D
ASN-15-K;K
LYS-79-D;D
GLY-14-K;K
LYS-79-D;D
LEU-18-K;K
LYS-79-Q;Q
ASN-15-X;X
LYS-79-Q;Q
GLY-14-X;X
LYS-79-Q;Q
LEU-18-X;X
LYS-9-H;H
LYS-46-U;U
LYS-98-B;B
CYS-64-H;H
LYS-98-B;B
LEU-63-H;H
LYS-98-B;B
LYS-61-H;H
LYS-98-B;B
PRO-65-H;H
LYS-98-B;B
SER-62-H;H
LYS-98-O;O
CYS-64-U;U
LYS-98-O;O
LEU-63-U;U
LYS-98-O;O
LYS-61-U;U
LYS-98-O;O
PRO-65-U;U
LYS-98-O;O
SER-62-U;U
MET-1-B;B
MET-123-D;D
MET-1-B;B
VAL-128-D;D
MET-1-C;C
LEU-96-F;F
MET-1-O;O
VAL-128-Q;Q
MET-1-P;P
LEU-96-S;S
MET-100-A;A
PRO-17-C;C
MET-100-A;A
TRP-57-C;C
MET-100-B;B
PRO-65-H;H
MET-100-N;N
PRO-17-P;P
MET-100-N;N
TRP-57-P;P
MET-100-O;O
PRO-65-U;U
MET-117-A;A
GLN-43-L;L
MET-117-A;A
HIS-42-L;L
MET-117-A;A
LYS-46-L;L
MET-117-A;A
SER-54-J;J
MET-117-N;N
GLN-43-Y;Y
MET-117-N;N
HIS-42-Y;Y
MET-117-N;N
LYS-46-Y;Y
MET-117-N;N
SER-54-W;W
MET-126-D;D
ILE-68-I;I
MET-126-Q;Q
ILE-68-V;V
MET-146-B;B
SER-56-I;I
MET-146-O;O
SER-56-V;V
MET-171-A;A
TYR-8-C;C
MET-171-N;N
TYR-8-P;P
MET-176-A;A
TRP-71-F;F
MET-176-N;N
TRP-71-S;S
MET-189-A;A
ASP-7-T;T
MET-208-A;A
ALA-100-C;C
MET-208-A;A
GLY-96-C;C
MET-208-A;A
PHE-97-C;C
MET-208-N;N
ALA-100-P;P
MET-208-N;N
GLY-96-P;P
MET-208-N;N
PHE-97-P;P
MET-271-A;A
ARG-14-T;T
MET-278-A;A
ASP-7-T;T
MET-278-A;A
LYS-5-T;T
MET-278-A;A
PHE-18-T;T
MET-28-A;A
GLY-32-L;L
MET-28-A;A
PHE-26-M;M
MET-28-A;A
PHE-29-L;L
MET-28-A;A
PHE-33-L;L
MET-28-N;N
GLY-32-Y;Y
MET-28-N;N
PHE-26-Z;Z
MET-28-N;N
PHE-29-Y;Y
MET-28-N;N
PHE-33-Y;Y
MET-29-B;B
ALA-32-I;I
MET-29-B;B
LYS-36-I;I
MET-29-B;B
TYR-35-I;I
MET-29-O;O
ALA-32-V;V
MET-29-O;O
LYS-36-V;V
MET-310-A;A
ALA-77-B;B
MET-310-A;A
LEU-73-B;B
MET-310-N;N
ALA-77-O;O
MET-310-N;N
LEU-73-O;O
MET-33-C;C
CYS-49-J;J
MET-33-P;P
CYS-49-W;W
MET-43-H;H
MET-43-U;U
MET-43-H;H
VAL-52-U;U
MET-449-A;A
MET-5-B;B
MET-449-A;A
TRP-40-K;K
MET-449-N;N
MET-5-O;O
MET-449-N;N
TRP-40-X;X
MET-45-B;B
LEU-17-I;I
MET-45-O;O
LEU-17-V;V
MET-456-A;A
ILE-38-K;K
MET-456-A;A
LEU-96-D;D
MET-456-A;A
MET-32-K;K
MET-456-A;A
TRP-40-K;K
MET-456-N;N
ILE-38-X;X
MET-456-N;N
LEU-96-Q;Q
MET-456-N;N
MET-32-X;X
MET-456-N;N
TRP-40-X;X
MET-466-A;A
PHE-23-M;M
MET-466-A;A
PHE-26-M;M
MET-466-A;A
THR-22-M;M
MET-466-N;N
PHE-23-Z;Z
MET-466-N;N
PHE-26-Z;Z
MET-466-N;N
THR-22-Z;Z
MET-5-B;B
PRO-42-K;K
MET-5-B;B
SER-43-K;K
MET-5-O;O
PRO-42-X;X
MET-5-O;O
SER-43-X;X
MET-71-D;D
ARG-66-E;E
MET-71-Q;Q
ARG-66-R;R
MET-86-D;D
ALA-22-K;K
MET-86-D;D
CYS-25-K;K
MET-86-D;D
GLY-21-K;K
MET-86-Q;Q
ALA-22-X;X
MET-86-Q;Q
CYS-25-X;X
MET-86-Q;Q
GLY-21-X;X
MET-97-A;A
TRP-57-C;C
MET-97-N;N
TRP-57-P;P
MG-518-A;A
GLU-198-B;B
MG-518-N;N
GLU-198-O;O
PHE-11-E;E
ARG-10-I;I
PHE-11-R;R
ARG-10-V;V
PHE-111-D;D
ASN-41-K;K
PHE-111-Q;Q
ASN-41-X;X
PHE-134-D;D
PRO-44-K;K
PHE-134-Q;Q
PRO-44-X;X
PHE-148-A;A
LEU-31-C;C
PHE-148-A;A
THR-28-C;C
PHE-148-A;A
THR-32-C;C
PHE-148-N;N
LEU-31-P;P
PHE-148-N;N
THR-28-P;P
PHE-148-N;N
THR-32-P;P
PHE-18-G;G
MET-278-N;N
PHE-186-C;C
ASN-76-G;G
PHE-186-P;P
ASN-76-T;T
PHE-2-A;A
PRO-12-L;L
PHE-2-N;N
PRO-12-Y;Y
PHE-219-A;A
SER-195-C;C
PHE-219-A;A
THR-196-C;C
PHE-219-A;A
VAL-199-C;C
PHE-219-N;N
SER-195-P;P
PHE-219-N;N
THR-196-P;P
PHE-219-N;N
VAL-199-P;P
PHE-225-C;C
ASN-3-J;J
PHE-225-C;C
GLN-12-F;F
PHE-225-C;C
GLU-2-J;J
PHE-225-C;C
GLY-5-F;F
PHE-225-C;C
PRO-7-F;F
PHE-225-C;C
VAL-5-J;J
PHE-225-P;P
ASN-3-W;W
PHE-225-P;P
GLN-12-S;S
PHE-225-P;P
GLU-2-W;W
PHE-225-P;P
GLY-5-S;S
PHE-225-P;P
PRO-7-S;S
PHE-225-P;P
VAL-5-W;W
PHE-227-C;C
PRO-7-F;F
PHE-227-P;P
PRO-7-S;S
PHE-237-A;A
SER-2-T;T
PHE-237-A;A
TRP-99-C;C
PHE-237-N;N
TRP-99-P;P
PHE-268-A;A
ALA-58-B;B
PHE-268-A;A
ASP-57-B;B
PHE-268-A;A
GLU-62-B;B
PHE-268-A;A
TRP-65-B;B
PHE-268-N;N
ALA-58-O;O
PHE-268-N;N
ASP-57-O;O
PHE-268-N;N
GLU-62-O;O
PHE-268-N;N
TRP-65-O;O
PHE-282-A;A
ALA-3-T;T
PHE-282-A;A
ALA-4-T;T
PHE-282-A;A
LYS-5-T;T
PHE-285-A;A
ALA-4-T;T
PHE-32-B;B
TYR-35-I;I
PHE-32-O;O
TYR-35-V;V
PHE-321-A;A
TRP-65-B;B
PHE-321-N;N
TRP-65-O;O
PHE-33-L;L
PHE-26-M;M
PHE-33-Y;Y
PHE-26-Z;Z
PHE-346-A;A
LEU-39-B;B
PHE-346-A;A
SER-35-B;B
PHE-346-N;N
LEU-39-O;O
PHE-346-N;N
SER-35-O;O
PHE-35-C;C
LYS-58-G;G
PHE-35-C;C
SER-61-G;G
PHE-35-P;P
LYS-58-T;T
PHE-35-P;P
SER-61-T;T
PHE-37-C;C
ALA-53-J;J
PHE-37-C;C
TRP-52-J;J
PHE-37-L;L
ALA-30-M;M
PHE-37-L;L
VAL-33-M;M
PHE-37-P;P
ALA-53-W;W
PHE-37-P;P
TRP-52-W;W
PHE-37-Y;Y
ALA-30-Z;Z
PHE-37-Y;Y
VAL-33-Z;Z
PHE-38-L;L
TRP-32-M;M
PHE-38-L;L
VAL-33-M;M
PHE-38-Y;Y
TRP-32-Z;Z
PHE-38-Y;Y
VAL-33-Z;Z
PHE-400-A;A
ASN-10-L;L
PHE-400-N;N
ASN-10-Y;Y
PHE-430-A;A
GLN-6-B;B
PHE-430-A;A
LEU-7-B;B
PHE-430-N;N
GLN-6-O;O
PHE-430-N;N
LEU-7-O;O
PHE-459-A;A
GLU-99-D;D
PHE-459-A;A
LEU-95-D;D
PHE-459-A;A
LEU-96-D;D
PHE-459-A;A
THR-92-D;D
PHE-459-N;N
GLU-99-Q;Q
PHE-459-N;N
LEU-96-Q;Q
PHE-459-N;N
THR-92-Q;Q
PHE-470-A;A
GLN-15-M;M
PHE-470-A;A
GLY-18-M;M
PHE-470-A;A
LEU-19-M;M
PHE-470-N;N
GLN-15-Z;Z
PHE-470-N;N
GLY-18-Z;Z
PHE-470-N;N
LEU-19-Z;Z
PHE-476-A;A
ILE-11-L;L
PHE-476-A;A
LEU-21-L;L
PHE-476-A;A
VAL-15-L;L
PHE-476-N;N
LEU-21-Y;Y
PHE-476-N;N
VAL-15-Y;Y
PHE-505-A;A
HIS-6-C;C
PHE-505-A;A
ILE-57-F;F
PHE-505-N;N
HIS-6-P;P
PHE-64-D;D
ALA-62-E;E
PHE-64-D;D
ARG-66-E;E
PHE-64-Q;Q
ALA-62-R;R
PHE-64-Q;Q
ARG-66-R;R
PHE-67-C;C
GLN-13-J;J
PHE-67-C;C
GLN-9-J;J
PHE-67-C;C
LYS-8-J;J
PHE-67-C;C
PHE-12-J;J
PHE-67-C;C
THR-14-F;F
PHE-67-P;P
GLN-13-W;W
PHE-67-P;P
GLN-9-W;W
PHE-67-P;P
LYS-8-W;W
PHE-67-P;P
PHE-12-W;W
PHE-67-P;P
THR-14-S;S
PHE-68-D;D
ARG-66-E;E
PHE-68-D;D
ASP-73-E;E
PHE-68-D;D
GLU-69-E;E
PHE-68-D;D
VAL-70-E;E
PHE-68-Q;Q
ARG-66-R;R
PHE-68-Q;Q
ASP-73-R;R
PHE-68-Q;Q
GLU-69-R;R
PHE-68-Q;Q
VAL-70-R;R
PHE-8-A;A
PRO-13-C;C
PHE-8-A;A
PRO-15-C;C
PHE-8-A;A
SER-14-C;C
PHE-8-A;A
TYR-32-J;J
PHE-8-N;N
PRO-13-P;P
PHE-8-N;N
PRO-15-P;P
PHE-8-N;N
SER-14-P;P
PHE-8-N;N
TYR-32-W;W
PHE-87-D;D
PHE-24-K;K
PHE-87-Q;Q
GLY-21-X;X
PHE-87-Q;Q
PHE-24-X;X
PHE-88-D;D
LEU-19-M;M
PHE-88-D;D
PHE-23-M;M
PHE-88-Q;Q
LEU-19-Z;Z
PHE-88-Q;Q
PHE-23-Z;Z
PHE-91-D;D
PHE-23-M;M
PHE-91-D;D
PHE-24-K;K
PHE-91-Q;Q
PHE-23-Z;Z
PHE-91-Q;Q
PHE-24-X;X
PHE-94-A;A
GLY-78-C;C
PHE-94-A;A
LEU-79-C;C
PHE-94-N;N
GLY-78-P;P
PHE-94-N;N
LEU-79-P;P
PRO-107-A;A
LEU-25-C;C
PRO-107-N;N
LEU-25-P;P
PRO-110-C;C
PRO-82-H;H
PRO-110-C;C
TRP-30-H;H
PRO-110-P;P
PRO-82-U;U
PRO-110-P;P
TRP-30-U;U
PRO-13-C;C
HIS-21-J;J
PRO-13-C;C
TYR-3-L;L
PRO-13-P;P
HIS-21-W;W
PRO-13-P;P
TYR-3-Y;Y
PRO-130-A;A
LEU-160-B;B
PRO-130-B;B
TRP-115-D;D
PRO-130-D;D
PHE-50-I;I
PRO-130-N;N
LEU-160-O;O
PRO-130-O;O
TRP-115-Q;Q
PRO-130-Q;Q
PHE-50-V;V
PRO-131-A;A
ASP-158-B;B
PRO-131-N;N
ASP-158-O;O
PRO-131-N;N
LEU-160-O;O
PRO-15-C;C
HIS-21-J;J
PRO-15-C;C
TYR-32-J;J
PRO-15-P;P
HIS-21-W;W
PRO-15-P;P
TYR-32-W;W
PRO-174-A;A
ALA-35-F;F
PRO-174-A;A
ASN-32-F;F
PRO-174-A;A
ILE-33-F;F
PRO-174-A;A
LEU-34-F;F
PRO-174-N;N
ALA-35-S;S
PRO-174-N;N
ASN-32-S;S
PRO-174-N;N
ILE-33-S;S
PRO-174-N;N
LEU-34-S;S
PRO-185-C;C
ASN-76-G;G
PRO-185-C;C
VAL-75-G;G
PRO-185-P;P
ASN-76-T;T
PRO-185-P;P
VAL-75-T;T
PRO-189-B;B
ASP-59-I;I
PRO-189-B;B
MET-63-I;I
PRO-189-B;B
PHE-60-I;I
PRO-189-B;B
SER-56-I;I
PRO-189-B;B
TYR-54-I;I
PRO-189-O;O
ASP-59-V;V
PRO-189-O;O
MET-63-V;V
PRO-189-O;O
PHE-60-V;V
PRO-189-O;O
SER-56-V;V
PRO-189-O;O
TYR-54-V;V
PRO-200-A;A
LEU-92-C;C
PRO-200-A;A
PHE-93-C;C
PRO-200-A;A
SER-89-C;C
PRO-200-N;N
LEU-92-P;P
PRO-200-N;N
PHE-93-P;P
PRO-200-N;N
SER-89-P;P
PRO-215-B;B
MET-57-I;I
PRO-215-B;B
PHE-60-I;I
PRO-215-O;O
MET-57-V;V
PRO-215-O;O
PHE-60-V;V
PRO-222-A;A
GLU-111-C;C
PRO-222-A;A
PRO-176-B;B
PRO-222-N;N
GLU-111-P;P
PRO-222-N;N
PRO-176-O;O
PRO-23-D;D
ARG-66-E;E
PRO-23-D;D
ASN-34-E;E
PRO-23-D;D
VAL-37-E;E
PRO-23-D;D
VAL-70-E;E
PRO-23-Q;Q
ARG-66-R;R
PRO-23-Q;Q
ASN-34-R;R
PRO-23-Q;Q
VAL-37-R;R
PRO-23-Q;Q
VAL-70-R;R
PRO-25-D;D
ARG-30-E;E
PRO-25-Q;Q
ARG-30-R;R
PRO-4-B;B
ASN-41-K;K
PRO-4-B;B
PRO-42-K;K
PRO-4-B;B
PRO-44-K;K
PRO-4-B;B
SER-43-K;K
PRO-4-O;O
ASN-41-X;X
PRO-4-O;O
PRO-42-X;X
PRO-4-O;O
PRO-44-X;X
PRO-4-O;O
SER-43-X;X
PRO-43-E;E
MET-9-I;I
PRO-43-R;R
MET-9-V;V
PRO-437-A;A
GLN-195-B;B
PRO-437-N;N
GLN-195-O;O
PRO-44-A;A
PHE-111-D;D
PRO-44-A;A
PRO-108-D;D
PRO-44-N;N
PHE-111-Q;Q
PRO-44-N;N
PRO-108-Q;Q
PRO-444-A;A
GLN-195-B;B
PRO-444-A;A
LEU-135-B;B
PRO-444-A;A
LEU-136-B;B
PRO-444-N;N
GLN-195-O;O
PRO-444-N;N
LEU-136-O;O
PRO-49-G;G
THR-80-H;H
PRO-49-T;T
THR-80-U;U
PRO-499-A;A
ASN-10-L;L
PRO-499-A;A
GLY-6-L;L
PRO-499-A;A
PRO-7-L;L
PRO-499-N;N
ASN-10-Y;Y
PRO-499-N;N
GLY-6-Y;Y
PRO-499-N;N
PRO-7-Y;Y
PRO-501-A;A
GLU-5-L;L
PRO-501-N;N
GLU-5-Y;Y
PRO-508-A;A
ARG-56-F;F
PRO-508-A;A
ASN-32-F;F
PRO-508-A;A
HIS-6-C;C
PRO-508-A;A
THR-5-C;C
PRO-508-N;N
ARG-56-S;S
PRO-508-N;N
ASN-32-S;S
PRO-508-N;N
HIS-6-P;P
PRO-508-N;N
THR-5-P;P
PRO-56-J;J
LYS-46-L;L
PRO-56-W;W
LYS-46-Y;Y
PRO-7-F;F
ASN-3-J;J
PRO-7-S;S
ASN-3-W;W
PRO-73-C;C
VAL-20-F;F
PRO-73-P;P
VAL-20-S;S
PRO-90-A;A
HIS-6-C;C
PRO-90-A;A
MET-10-C;C
PRO-90-N;N
HIS-6-P;P
PRO-90-N;N
MET-10-P;P
PRO-93-B;B
THR-13-H;H
PRO-93-O;O
THR-13-U;U
PRO-95-A;A
VAL-11-C;C
PRO-95-N;N
VAL-11-P;P
SER-116-A;A
GLN-43-L;L
SER-116-A;A
ILE-39-L;L
SER-116-N;N
GLN-43-Y;Y
SER-116-N;N
ILE-39-Y;Y
SER-135-C;C
CYS-31-G;G
SER-135-C;C
VAL-28-G;G
SER-135-P;P
CYS-31-T;T
SER-135-P;P
VAL-28-T;T
SER-143-C;C
THR-20-G;G
SER-143-P;P
THR-20-T;T
SER-150-C;C
ALA-13-G;G
SER-150-P;P
ALA-13-T;T
SER-155-O;O
TRP-68-U;U
SER-187-B;B
TYR-51-I;I
SER-187-B;B
TYR-54-I;I
SER-187-O;O
TYR-51-V;V
SER-187-O;O
TYR-54-V;V
SER-189-C;C
ARG-54-G;G
SER-189-C;C
ARG-56-G;G
SER-189-C;C
ILE-55-G;G
SER-189-C;C
LEU-53-G;G
SER-189-C;C
THR-68-G;G
SER-189-P;P
ARG-54-T;T
SER-189-P;P
ARG-56-T;T
SER-189-P;P
ILE-55-T;T
SER-189-P;P
LEU-53-T;T
SER-189-P;P
THR-68-T;T
SER-2-G;G
ILE-286-N;N
SER-2-G;G
PHE-237-N;N
SER-229-C;C
PRO-7-F;F
SER-229-C;C
VAL-6-F;F
SER-229-P;P
PRO-7-S;S
SER-229-P;P
VAL-6-S;S
SER-29-C;C
SER-46-J;J
SER-29-P;P
SER-46-W;W
SER-322-A;A
GLU-62-B;B
SER-322-A;A
TRP-65-B;B
SER-322-N;N
GLU-62-O;O
SER-322-N;N
TRP-65-O;O
SER-36-B;B
SER-28-I;I
SER-36-O;O
SER-28-V;V
SER-361-A;A
LEU-84-B;B
SER-361-N;N
LEU-84-O;O
SER-362-A;A
ILE-83-B;B
SER-362-A;A
LEU-20-B;B
SER-362-A;A
LEU-84-B;B
SER-362-A;A
SER-80-B;B
SER-362-N;N
ILE-83-O;O
SER-362-N;N
LEU-20-O;O
SER-362-N;N
LEU-84-O;O
SER-362-N;N
SER-80-O;O
SER-401-A;A
PRO-7-L;L
SER-401-N;N
PRO-7-Y;Y
SER-434-A;A
ALA-2-B;B
SER-434-A;A
GLN-10-B;B
SER-434-A;A
GLN-6-B;B
SER-434-A;A
GLY-8-B;B
SER-434-N;N
ALA-2-O;O
SER-434-N;N
GLN-10-O;O
SER-434-N;N
GLN-6-O;O
SER-434-N;N
GLY-8-O;O
SER-441-A;A
SER-205-B;B
SER-441-N;N
SER-205-O;O
SER-47-D;D
ARG-56-E;E
SER-478-A;A
ALA-6-M;M
SER-478-A;A
LYS-7-M;M
SER-478-A;A
THR-10-M;M
SER-478-A;A
THR-8-M;M
SER-478-N;N
ALA-6-Z;Z
SER-478-N;N
LYS-7-Z;Z
SER-478-N;N
THR-10-Z;Z
SER-478-N;N
THR-8-Z;Z
SER-49-D;D
GLY-97-E;E
SER-49-Q;Q
GLY-97-R;R
SER-54-B;B
GLY-38-E;E
SER-54-B;B
TYR-39-E;E
SER-54-J;J
HIS-42-L;L
SER-54-J;J
LYS-46-L;L
SER-54-O;O
GLY-38-R;R
SER-54-O;O
TYR-39-R;R
SER-54-W;W
HIS-42-Y;Y
SER-54-W;W
LYS-46-Y;Y
SER-67-D;D
ARG-66-E;E
SER-67-D;D
GLU-69-E;E
SER-67-D;D
LEU-106-E;E
SER-67-Q;Q
ARG-66-R;R
SER-67-Q;Q
GLU-69-R;R
SER-67-Q;Q
LEU-106-R;R
SER-8-D;D
LYS-4-M;M
SER-8-Q;Q
LYS-4-Z;Z
SER-94-B;B
GLN-12-H;H
SER-94-B;B
THR-13-H;H
SER-94-O;O
GLN-12-U;U
SER-94-O;O
THR-13-U;U
THR-10-A;A
ASN-12-C;C
THR-10-A;A
PRO-13-C;C
THR-10-A;A
VAL-11-C;C
THR-10-N;N
ASN-12-P;P
THR-10-N;N
PRO-13-P;P
THR-10-N;N
VAL-11-P;P
THR-111-B;B
LYS-61-H;H
THR-111-O;O
LYS-61-U;U
THR-111-O;O
SER-62-U;U
THR-119-C;C
HIS-52-G;G
THR-119-C;C
LYS-84-H;H
THR-119-C;C
PRO-82-H;H
THR-119-C;C
TYR-50-G;G
THR-119-P;P
HIS-52-T;T
THR-119-P;P
LYS-84-U;U
THR-119-P;P
PRO-82-U;U
THR-119-P;P
TYR-50-T;T
THR-120-D;D
PRO-44-K;K
THR-120-D;D
VAL-48-K;K
THR-120-Q;Q
PRO-44-X;X
THR-120-Q;Q
VAL-48-X;X
THR-124-A;A
ILE-199-B;B
THR-124-N;N
ILE-199-O;O
THR-125-B;B
HIS-109-D;D
THR-125-O;O
HIS-109-Q;Q
THR-14-F;F
GLN-13-J;J
THR-14-F;F
GLN-9-J;J
THR-14-S;S
GLN-13-W;W
THR-14-S;S
GLN-9-W;W
THR-145-C;C
TRP-16-G;G
THR-145-P;P
TRP-16-T;T
THR-15-G;G
TYR-179-N;N
THR-166-A;A
GLY-78-C;C
THR-166-A;A
GLY-82-C;C
THR-166-A;A
LEU-85-C;C
THR-166-A;A
TYR-81-C;C
THR-166-N;N
GLY-78-P;P
THR-166-N;N
GLY-82-P;P
THR-166-N;N
LEU-85-P;P
THR-166-N;N
TYR-81-P;P
THR-187-C;C
ASN-76-G;G
THR-187-C;C
THR-68-G;G
THR-187-P;P
ASN-76-T;T
THR-187-P;P
THR-68-T;T
THR-19-C;C
CYS-39-J;J
THR-19-C;C
MET-36-J;J
THR-19-P;P
CYS-39-W;W
THR-19-P;P
MET-36-W;W
THR-2-C;C
HIS-98-F;F
THR-2-C;C
ILE-52-F;F
THR-2-C;C
LEU-96-F;F
THR-2-P;P
HIS-98-S;S
THR-2-P;P
ILE-52-S;S
THR-2-P;P
LEU-96-S;S
THR-217-A;A
ILE-188-C;C
THR-217-A;A
SER-195-C;C
THR-217-N;N
ILE-188-P;P
THR-217-N;N
SER-195-P;P
THR-218-A;A
GLY-191-C;C
THR-218-A;A
ILE-55-G;G
THR-218-A;A
SER-195-C;C
THR-218-A;A
VAL-192-C;C
THR-218-N;N
GLY-191-P;P
THR-218-N;N
ILE-55-T;T
THR-218-N;N
SER-195-P;P
THR-218-N;N
VAL-192-P;P
THR-228-C;C
ASP-9-F;F
THR-228-C;C
PRO-7-F;F
THR-228-C;C
THR-8-F;F
THR-228-P;P
ASP-9-S;S
THR-228-P;P
PRO-7-S;S
THR-228-P;P
THR-8-S;S
THR-26-L;L
SER-25-M;M
THR-26-L;L
VAL-21-M;M
THR-26-Y;Y
SER-25-Z;Z
THR-26-Y;Y
VAL-21-Z;Z
THR-294-A;A
ASP-173-B;B
THR-294-A;A
LYS-171-B;B
THR-294-A;A
THR-172-B;B
THR-294-N;N
ASP-173-O;O
THR-294-N;N
LYS-171-O;O
THR-294-N;N
THR-172-O;O
THR-404-A;A
ALA-3-M;M
THR-404-N;N
ALA-3-Z;Z
THR-408-A;A
GLU-77-D;D
THR-408-A;A
HIS-10-K;K
THR-408-N;N
GLU-77-Q;Q
THR-408-N;N
HIS-10-X;X
THR-408-N;N
VAL-81-Q;Q
THR-448-A;A
GLU-39-K;K
THR-448-A;A
PHE-111-D;D
THR-448-N;N
GLU-39-X;X
THR-448-N;N
PHE-111-Q;Q
THR-463-A;A
PHE-88-D;D
THR-463-A;A
THR-92-D;D
THR-463-N;N
PHE-88-Q;Q
THR-463-N;N
THR-92-Q;Q
THR-47-B;B
ARG-16-I;I
THR-47-O;O
ARG-16-V;V
THR-48-B;B
ARG-16-I;I
THR-48-B;B
LEU-13-I;I
THR-48-O;O
ARG-16-V;V
THR-48-O;O
LEU-13-V;V
THR-484-A;A
ILE-1-M;M
THR-484-A;A
SER-15-D;D
THR-484-A;A
THR-2-M;M
THR-484-N;N
ILE-1-Z;Z
THR-484-N;N
SER-15-Q;Q
THR-484-N;N
THR-2-Z;Z
THR-489-A;A
ILE-70-F;F
THR-489-A;A
TRP-71-F;F
THR-489-A;A
VAL-69-F;F
THR-489-N;N
ILE-70-S;S
THR-489-N;N
TRP-71-S;S
THR-489-N;N
VAL-69-S;S
THR-49-C;C
CYS-39-J;J
THR-49-C;C
LEU-38-J;J
THR-49-P;P
CYS-39-W;W
THR-49-P;P
LEU-38-W;W
THR-490-A;A
ILE-70-F;F
THR-490-N;N
ILE-70-S;S
THR-5-C;C
ASN-32-F;F
THR-5-C;C
HIS-94-F;F
THR-5-C;C
ILE-52-F;F
THR-5-C;C
PRO-30-F;F
THR-5-C;C
TYR-31-F;F
THR-5-P;P
ASN-32-S;S
THR-5-P;P
HIS-94-S;S
THR-5-P;P
ILE-52-S;S
THR-5-P;P
PRO-30-S;S
THR-5-P;P
TYR-31-S;S
THR-509-A;A
ARG-56-F;F
THR-509-A;A
ILE-57-F;F
THR-509-A;A
TRP-71-F;F
THR-509-N;N
ARG-56-S;S
THR-509-N;N
ILE-57-S;S
THR-509-N;N
TRP-71-S;S
THR-51-B;B
ARG-20-D;D
THR-51-B;B
LYS-74-E;E
THR-51-B;B
TYR-39-E;E
THR-51-O;O
ARG-20-Q;Q
THR-51-O;O
LYS-74-R;R
THR-51-O;O
TYR-39-R;R
THR-53-B;B
GLY-38-E;E
THR-53-O;O
GLY-38-R;R
THR-66-C;C
GLN-9-J;J
THR-66-C;C
THR-14-F;F
THR-66-P;P
GLN-9-W;W
THR-66-P;P
THR-14-S;S
THR-72-C;C
GLU-17-F;F
THR-72-C;C
LEU-16-F;F
THR-72-P;P
GLU-17-S;S
THR-72-P;P
LEU-16-S;S
THR-80-D;D
GLY-14-K;K
THR-80-D;D
HIS-10-K;K
THR-80-D;D
PHE-9-K;K
THR-80-D;D
VAL-17-K;K
THR-80-Q;Q
GLY-14-X;X
THR-80-Q;Q
HIS-10-X;X
THR-80-Q;Q
PHE-9-X;X
THR-80-Q;Q
VAL-17-X;X
THR-96-B;B
SER-62-H;H
THR-96-B;B
THR-13-H;H
THR-96-O;O
SER-62-U;U
THR-96-O;O
THR-13-U;U
TRP-103-A;A
ALA-21-C;C
TRP-103-A;A
LEU-18-C;C
TRP-103-N;N
ALA-21-P;P
TRP-103-N;N
LEU-18-P;P
TRP-138-D;D
PRO-50-K;K
TRP-138-Q;Q
PRO-50-X;X
TRP-145-D;D
GLY-46-K;K
TRP-145-D;D
PRO-44-K;K
TRP-145-D;D
VAL-45-K;K
TRP-145-D;D
VAL-48-K;K
TRP-145-Q;Q
GLY-46-X;X
TRP-145-Q;Q
PRO-44-X;X
TRP-145-Q;Q
VAL-45-X;X
TRP-145-Q;Q
VAL-48-X;X
TRP-146-C;C
ALA-13-G;G
TRP-146-C;C
ARG-17-G;G
TRP-146-C;C
PHE-21-G;G
TRP-146-C;C
THR-20-G;G
TRP-146-C;C
TRP-16-G;G
TRP-146-P;P
ALA-13-T;T
TRP-146-P;P
ARG-17-T;T
TRP-146-P;P
PHE-21-T;T
TRP-146-P;P
THR-20-T;T
TRP-146-P;P
TRP-16-T;T
TRP-16-C;C
HIS-21-J;J
TRP-16-C;C
TYR-32-J;J
TRP-16-P;P
HIS-21-W;W
TRP-16-P;P
TYR-32-W;W
TRP-19-L;L
GLU-14-M;M
TRP-19-L;L
ILE-17-M;M
TRP-19-Y;Y
GLU-14-Z;Z
TRP-19-Y;Y
ILE-17-Z;Z
TRP-222-B;B
SER-71-I;I
TRP-222-O;O
SER-71-V;V
TRP-25-A;A
GLY-32-L;L
TRP-25-A;A
PHE-28-L;L
TRP-25-A;A
SER-31-L;L
TRP-25-N;N
GLY-32-Y;Y
TRP-25-N;N
PHE-28-Y;Y
TRP-25-N;N
SER-31-Y;Y
TRP-27-E;E
ARG-81-F;F
TRP-27-E;E
CYS-82-F;F
TRP-27-E;E
GLY-86-F;F
TRP-27-R;R
ARG-81-S;S
TRP-27-R;R
CYS-82-S;S
TRP-27-R;R
GLY-86-S;S
TRP-275-A;A
GLY-22-T;T
TRP-288-A;A
TRP-99-C;C
TRP-288-N;N
TRP-99-P;P
TRP-334-A;A
LEU-46-B;B
TRP-334-N;N
LEU-46-O;O
TRP-34-C;C
SER-61-G;G
TRP-34-C;C
TRP-62-G;G
TRP-34-P;P
SER-61-T;T
TRP-34-P;P
TRP-62-T;T
TRP-409-A;A
GLN-15-M;M
TRP-409-A;A
PHE-88-D;D
TRP-409-N;N
GLN-15-Z;Z
TRP-409-N;N
PHE-88-Q;Q
TRP-450-A;A
GLN-6-B;B
TRP-450-A;A
LEU-7-B;B
TRP-450-A;A
MET-5-B;B
TRP-450-N;N
GLN-6-O;O
TRP-450-N;N
LEU-7-O;O
TRP-450-N;N
MET-5-O;O
TRP-473-A;A
GLU-14-M;M
TRP-473-A;A
GLY-18-M;M
TRP-473-A;A
LEU-21-L;L
TRP-473-A;A
LEU-22-L;L
TRP-473-A;A
LYS-18-L;L
TRP-473-A;A
MET-25-L;L
TRP-473-A;A
THR-10-M;M
TRP-473-A;A
TRP-19-L;L
TRP-473-N;N
GLU-14-Z;Z
TRP-473-N;N
GLY-18-Z;Z
TRP-473-N;N
LEU-21-Y;Y
TRP-473-N;N
LEU-22-Y;Y
TRP-473-N;N
LYS-18-Y;Y
TRP-473-N;N
MET-25-Y;Y
TRP-473-N;N
THR-10-Z;Z
TRP-473-N;N
TRP-19-Y;Y
TRP-48-D;D
ARG-56-E;E
TRP-48-D;D
ASP-60-E;E
TRP-48-D;D
CYS-55-E;E
TRP-48-D;D
GLY-97-E;E
TRP-48-D;D
ILE-98-E;E
TRP-48-D;D
LEU-96-E;E
TRP-48-D;D
PHE-61-E;E
TRP-48-Q;Q
ARG-56-R;R
TRP-48-Q;Q
ASP-60-R;R
TRP-48-Q;Q
CYS-55-R;R
TRP-48-Q;Q
GLY-97-R;R
TRP-48-Q;Q
ILE-98-R;R
TRP-48-Q;Q
LEU-96-R;R
TRP-48-Q;Q
PHE-61-R;R
TRP-6-A;A
ASN-10-L;L
TRP-6-A;A
ILE-11-L;L
TRP-6-A;A
PRO-12-L;L
TRP-6-N;N
ASN-10-Y;Y
TRP-6-N;N
ILE-11-Y;Y
TRP-6-N;N
PRO-12-Y;Y
TRP-78-D;D
LEU-18-K;K
TRP-78-Q;Q
LEU-18-X;X
TRP-98-D;D
GLY-31-M;M
TRP-98-Q;Q
GLY-31-Z;Z
TYR-102-D;D
TYR-35-M;M
TYR-102-Q;Q
TYR-35-Z;Z
TYR-11-D;D
TRP-73-F;F
TYR-11-Q;Q
TRP-73-S;S
TYR-113-B;B
ARG-58-H;H
TYR-113-B;B
GLN-12-H;H
TYR-113-O;O
ARG-58-U;U
TYR-113-O;O
GLN-12-U;U
TYR-129-A;A
GLU-198-B;B
TYR-129-A;A
LEU-160-B;B
TYR-129-N;N
GLU-198-O;O
TYR-129-N;N
LEU-160-O;O
TYR-172-C;C
THR-32-G;G
TYR-172-P;P
THR-32-T;T
TYR-179-A;A
ARG-14-T;T
TYR-179-A;A
HIS-8-T;T
TYR-179-A;A
SER-67-F;F
TYR-179-A;A
THR-15-T;T
TYR-179-N;N
SER-67-S;S
TYR-182-C;C
ASN-72-G;G
TYR-182-C;C
HIS-71-G;G
TYR-182-P;P
ASN-72-T;T
TYR-182-P;P
HIS-71-T;T
TYR-193-B;B
ARG-122-D;D
TYR-193-B;B
MET-126-D;D
TYR-193-O;O
ARG-122-Q;Q
TYR-193-O;O
MET-126-Q;Q
TYR-218-B;B
ALA-72-I;I
TYR-218-B;B
ARG-64-I;I
TYR-218-B;B
GLU-61-I;I
TYR-218-B;B
PHE-60-I;I
TYR-218-B;B
SER-71-I;I
TYR-218-O;O
ALA-72-V;V
TYR-218-O;O
ARG-64-V;V
TYR-218-O;O
PHE-60-V;V
TYR-218-O;O
SER-71-V;V
TYR-22-D;D
ASN-34-E;E
TYR-22-Q;Q
ASN-34-R;R
TYR-270-A;A
SER-67-F;F
TYR-270-N;N
SER-67-S;S
TYR-3-B;B
GLY-133-D;D
TYR-3-B;B
PHE-134-D;D
TYR-3-O;O
ALA-129-Q;Q
TYR-3-O;O
GLY-133-Q;Q
TYR-3-O;O
PHE-134-Q;Q
TYR-40-B;B
ALA-24-I;I
TYR-40-B;B
GLY-23-I;I
TYR-40-B;B
HIS-20-I;I
TYR-40-B;B
VAL-27-I;I
TYR-40-O;O
ALA-24-V;V
TYR-40-O;O
GLY-23-V;V
TYR-40-O;O
HIS-20-V;V
TYR-40-O;O
VAL-27-V;V
TYR-403-A;A
GLY-8-L;L
TYR-403-A;A
PRO-7-L;L
TYR-403-N;N
GLY-8-Y;Y
TYR-403-N;N
PRO-7-Y;Y
TYR-440-A;A
CYS-196-B;B
TYR-440-A;A
GLN-195-B;B
TYR-440-A;A
HIS-204-B;B
TYR-440-A;A
SER-205-B;B
TYR-440-N;N
CYS-196-O;O
TYR-440-N;N
GLN-195-O;O
TYR-440-N;N
HIS-204-O;O
TYR-440-N;N
SER-205-O;O
TYR-443-A;A
ARG-134-B;B
TYR-443-A;A
LEU-135-B;B
TYR-443-N;N
ARG-134-O;O
TYR-443-N;N
LEU-135-O;O
TYR-447-A;A
ALA-2-B;B
TYR-447-N;N
ALA-2-O;O
TYR-50-G;G
THR-80-H;H
TYR-50-T;T
THR-80-U;U
TYR-502-A;A
GLU-5-L;L
TYR-502-A;A
TYR-3-L;L
TYR-502-N;N
GLU-5-Y;Y
TYR-502-N;N
TYR-3-Y;Y
TYR-510-A;A
ARG-56-F;F
TYR-510-A;A
GLY-59-F;F
TYR-510-A;A
ILE-57-F;F
TYR-510-A;A
LEU-48-F;F
TYR-510-A;A
PRO-36-F;F
TYR-510-A;A
TYR-89-F;F
TYR-510-A;A
VAL-49-F;F
TYR-510-A;A
VAL-58-F;F
TYR-510-N;N
ARG-56-S;S
TYR-510-N;N
GLY-59-S;S
TYR-510-N;N
ILE-57-S;S
TYR-510-N;N
LEU-48-S;S
TYR-510-N;N
PRO-36-S;S
TYR-510-N;N
TYR-89-S;S
TYR-510-N;N
VAL-49-S;S
TYR-510-N;N
VAL-58-S;S
TYR-55-C;C
LEU-31-J;J
TYR-60-D;D
ALA-62-E;E
TYR-60-D;D
ARG-66-E;E
TYR-60-D;D
GLU-69-E;E
TYR-60-D;D
LEU-106-E;E
TYR-60-D;D
VAL-65-E;E
TYR-60-Q;Q
ALA-62-R;R
TYR-60-Q;Q
ARG-66-R;R
TYR-60-Q;Q
GLU-69-R;R
TYR-60-Q;Q
LEU-106-R;R
TYR-60-Q;Q
VAL-65-R;R
TYR-84-E;E
ALA-5-I;I
TYR-84-E;E
LEU-4-I;I
TYR-84-E;E
LYS-6-I;I
TYR-84-E;E
PRO-7-I;I
TYR-84-R;R
ALA-5-V;V
TYR-84-R;R
LEU-4-V;V
TYR-84-R;R
LYS-6-V;V
TYR-84-R;R
PRO-7-V;V
VAL-103-D;D
LEU-34-M;M
VAL-103-Q;Q
LEU-34-Z;Z
VAL-116-D;D
VAL-48-K;K
VAL-116-Q;Q
VAL-48-X;X
VAL-118-A;A
ALA-53-J;J
VAL-118-A;A
LEU-50-J;J
VAL-118-A;A
LYS-46-L;L
VAL-118-A;A
SER-54-J;J
VAL-118-N;N
ALA-53-W;W
VAL-118-N;N
GLN-43-Y;Y
VAL-118-N;N
LEU-50-W;W
VAL-118-N;N
SER-54-W;W
VAL-129-C;C
SER-35-G;G
VAL-129-P;P
SER-35-T;T
VAL-136-C;C
VAL-28-G;G
VAL-142-C;C
THR-20-G;G
VAL-142-C;C
TRP-16-G;G
VAL-142-P;P
THR-20-T;T
VAL-142-P;P
TRP-16-T;T
VAL-143-B;B
SER-71-I;I
VAL-143-O;O
SER-71-V;V
VAL-193-A;A
GLY-6-T;T
VAL-214-B;B
PHE-60-I;I
VAL-214-B;B
PHE-69-I;I
VAL-214-B;B
SER-71-I;I
VAL-214-O;O
PHE-60-V;V
VAL-214-O;O
PHE-69-V;V
VAL-214-O;O
SER-71-V;V
VAL-29-A;A
GLY-32-L;L
VAL-29-A;A
PRO-36-L;L
VAL-29-N;N
GLY-32-Y;Y
VAL-29-N;N
PRO-36-Y;Y
VAL-295-A;A
ARG-178-B;B
VAL-295-A;A
ASN-180-B;B
VAL-295-A;A
ASP-173-B;B
VAL-295-A;A
ILE-175-B;B
VAL-295-N;N
ARG-178-O;O
VAL-295-N;N
ASN-180-O;O
VAL-295-N;N
ASP-173-O;O
VAL-295-N;N
ILE-175-O;O
VAL-299-A;A
LEU-84-B;B
VAL-299-A;A
TYR-85-B;B
VAL-299-N;N
ASP-88-O;O
VAL-299-N;N
LEU-84-O;O
VAL-299-N;N
TYR-85-O;O
VAL-318-A;A
THR-66-B;B
VAL-318-A;A
TRP-65-B;B
VAL-318-N;N
THR-66-O;O
VAL-318-N;N
TRP-65-O;O
VAL-357-A;A
THR-27-B;B
VAL-357-N;N
THR-27-O;O
VAL-366-A;A
LEU-20-B;B
VAL-366-A;A
LYS-171-B;B
VAL-366-A;A
PHE-9-B;B
VAL-366-N;N
LEU-20-O;O
VAL-366-N;N
LYS-171-O;O
VAL-366-N;N
PHE-9-O;O
VAL-42-E;E
MET-9-I;I
VAL-42-R;R
MET-9-V;V
VAL-469-A;A
MET-25-L;L
VAL-469-A;A
PHE-26-M;M
VAL-469-A;A
PHE-29-L;L
VAL-469-A;A
THR-22-M;M
VAL-469-N;N
MET-25-Y;Y
VAL-469-N;N
PHE-26-Z;Z
VAL-469-N;N
PHE-29-Y;Y
VAL-469-N;N
THR-22-Z;Z
VAL-482-A;A
SER-8-D;D
VAL-482-A;A
THR-2-M;M
VAL-482-N;N
SER-8-Q;Q
VAL-482-N;N
THR-2-Z;Z
VAL-485-A;A
ILE-1-M;M
VAL-485-N;N
ILE-1-Z;Z
VAL-511-A;A
GLY-59-F;F
VAL-511-A;A
ILE-61-F;F
VAL-511-A;A
PRO-36-F;F
VAL-511-A;A
TRP-71-F;F
VAL-511-N;N
GLY-59-S;S
VAL-511-N;N
ILE-61-S;S
VAL-511-N;N
PRO-36-S;S
VAL-511-N;N
TRP-71-S;S
VAL-52-H;H
GLY-48-U;U
VAL-52-H;H
LYS-46-U;U
VAL-52-H;H
MET-43-U;U
VAL-57-A;A
VAL-40-L;L
VAL-57-D;D
LEU-104-E;E
VAL-57-Q;Q
LEU-104-R;R
VAL-82-D;D
LEU-18-K;K
VAL-82-Q;Q
LEU-18-X;X
VAL-85-E;E
MET-9-I;I
VAL-85-R;R
MET-9-V;V
